Workbook

Sheet DASHBOARD MT POLA SEWA
B1: DASHBOARD DATA POLA SEWA
A2: =IFERROR(__xludf.DUMMYFUNCTION("QUERY( 'Data MT Pola Sewa'!$A$6:$AI$85, ""select * where U matches 'Akan Habis|Habis|Habis dalam 7-1 Hari' or W matches 'Akan Habis|Habis|Habis dalam 7-1 Hari' or Y matches 'Akan Habis|Habis|Habis dalam 7-1 Hari' or AA matches"&" 'Akan Habis|Habis|Habis dalam 7-1 Hari' or AC matches 'Akan Habis|Habis|Habis dalam 7-1 Hari' or AE matches 'Akan Habis|Habis|Habis dalam 7-1 Hari'"", 1 )"),"NO") -> NO | B2: =IFERROR(__xludf.DUMMYFUNCTION("""COMPUTED_VALUE"""),"NOPOL") -> NOPOL | C2: =IFERROR(__xludf.DUMMYFUNCTION("""COMPUTED_VALUE"""),"KAP") -> KAP | D2: =IFERROR(__xludf.DUMMYFUNCTION("""COMPUTED_VALUE"""),"") | E2: =IFERROR(__xludf.DUMMYFUNCTION("""COMPUTED_VALUE"""),"TRANSPORTIR") -> TRANSPORTIR | F2: =IFERROR(__xludf.DUMMYFUNCTION("""COMPUTED_VALUE"""),"TAHUN PEMBUATAN") -> TAHUN PEMBUATAN | G2: =IFERROR(__xludf.DUMMYFUNCTION("""COMPUTED_VALUE"""),"REGISTRASI") -> REGISTRASI | H2: =IFERROR(__xludf.DUMMYFUNCTION("""COMPUTED_VALUE"""),"MASA PEMAKAIAN HEAD") -> MASA PEMAKAIAN HEAD | I2: =IFERROR(__xludf.DUMMYFUNCTION("""COMPUTED_VALUE"""),"TYPE") -> TYPE | J2: =IFERROR(__xludf.DUMMYFUNCTION("""COMPUTED_VALUE"""),"CC") -> CC | K2: =IFERROR(__xludf.DUMMYFUNCTION("""COMPUTED_VALUE"""),"EMISI MESIN") -> EMISI MESIN | L2: =IFERROR(__xludf.DUMMYFUNCTION("""COMPUTED_VALUE"""),"JENIS (PTO/Standart)") -> JENIS (PTO/Standart) | M2: =IFERROR(__xludf.DUMMYFUNCTION("""COMPUTED_VALUE"""),"KAROSERI") -> KAROSERI | N2: =IFERROR(__xludf.DUMMYFUNCTION("""COMPUTED_VALUE"""),"TAHUN TANGKI") -> TAHUN TANGKI | O2: =IFERROR(__xludf.DUMMYFUNCTION("""COMPUTED_VALUE"""),"MASA PEMAKAIAN TANGKI") -> MASA PEMAKAIAN TANGKI | P2: =IFERROR(__xludf.DUMMYFUNCTION("""COMPUTED_VALUE"""),"MATERIAL TANGKI") -> MATERIAL TANGKI | Q2: =IFERROR(__xludf.DUMMYFUNCTION("""COMPUTED_VALUE"""),"MERK") -> MERK | R2: =IFERROR(__xludf.DUMMYFUNCTION("""COMPUTED_VALUE"""),"NO MESIN") -> NO MESIN | S2: =IFERROR(__xludf.DUMMYFUNCTION("""COMPUTED_VALUE"""),"NO RANGKA") -> NO RANGKA | T2: =IFERROR(__xludf.DUMMYFUNCTION("""COMPUTED_VALUE"""),"Tanggal STNK") -> Tanggal STNK | U2: =IFERROR(__xludf.DUMMYFUNCTION("""COMPUTED_VALUE"""),"Status") -> Status | V2: =IFERROR(__xludf.DUMMYFUNCTION("""COMPUTED_VALUE"""),"Tanggal PAJAK ") -> Tanggal PAJAK | W2: =IFERROR(__xludf.DUMMYFUNCTION("""COMPUTED_VALUE"""),"Status") -> Status | X2: =IFERROR(__xludf.DUMMYFUNCTION("""COMPUTED_VALUE"""),"Tanggal KEUR") -> Tanggal KEUR | Y2: =IFERROR(__xludf.DUMMYFUNCTION("""COMPUTED_VALUE"""),"Status") -> Status | Z2: =IFERROR(__xludf.DUMMYFUNCTION("""COMPUTED_VALUE"""),"Tanggal KIM") -> Tanggal KIM | AA2: =IFERROR(__xludf.DUMMYFUNCTION("""COMPUTED_VALUE"""),"Status") -> Status | AB2: =IFERROR(__xludf.DUMMYFUNCTION("""COMPUTED_VALUE"""),"Tanggal Tera") -> Tanggal Tera | AC2: =IFERROR(__xludf.DUMMYFUNCTION("""COMPUTED_VALUE"""),"Status") -> Status | AD2: =IFERROR(__xludf.DUMMYFUNCTION("""COMPUTED_VALUE"""),"Tanggal KEDAP") -> Tanggal KEDAP | AE2: =IFERROR(__xludf.DUMMYFUNCTION("""COMPUTED_VALUE"""),"Status") -> Status | AF2: =IFERROR(__xludf.DUMMYFUNCTION("""COMPUTED_VALUE"""),"Asuransi ") -> Asuransi | AG2: =IFERROR(__xludf.DUMMYFUNCTION("""COMPUTED_VALUE"""),"Status") -> Status | AH2: =IFERROR(__xludf.DUMMYFUNCTION("""COMPUTED_VALUE"""),"") | AI2: =IFERROR(__xludf.DUMMYFUNCTION("""COMPUTED_VALUE"""),"")
A3: =IFERROR(__xludf.DUMMYFUNCTION("""COMPUTED_VALUE"""),7.0) -> 7 | B3: =IFERROR(__xludf.DUMMYFUNCTION("""COMPUTED_VALUE"""),"B9300TFV") -> B9300TFV | C3: =IFERROR(__xludf.DUMMYFUNCTION("""COMPUTED_VALUE"""),"8+8") -> 8+8 | D3: =IFERROR(__xludf.DUMMYFUNCTION("""COMPUTED_VALUE"""),16.0) -> 16 | E3: =IFERROR(__xludf.DUMMYFUNCTION("""COMPUTED_VALUE"""),"PT. ADAM TRANS") -> PT. ADAM TRANS | F3: =IFERROR(__xludf.DUMMYFUNCTION("""COMPUTED_VALUE"""),2022.0) -> 2022 | G3: =IFERROR(__xludf.DUMMYFUNCTION("""COMPUTED_VALUE"""),2022.0) -> 2022 | H3: =IFERROR(__xludf.DUMMYFUNCTION("""COMPUTED_VALUE"""),4.0) -> 4 | I3: =IFERROR(__xludf.DUMMYFUNCTION("""COMPUTED_VALUE"""),"FL8JN2A-PGJ") -> FL8JN2A-PGJ | J3: =IFERROR(__xludf.DUMMYFUNCTION("""COMPUTED_VALUE"""),7684.0) -> 7684 | K3: =IFERROR(__xludf.DUMMYFUNCTION("""COMPUTED_VALUE"""),"EURO 4") -> EURO 4 | L3: =IFERROR(__xludf.DUMMYFUNCTION("""COMPUTED_VALUE"""),"Standart") -> Standart | M3: =IFERROR(__xludf.DUMMYFUNCTION("""COMPUTED_VALUE"""),"Geluran Adikarya") -> Geluran Adikarya | N3: =IFERROR(__xludf.DUMMYFUNCTION("""COMPUTED_VALUE"""),2022.0) -> 2022 | O3: =IFERROR(__xludf.DUMMYFUNCTION("""COMPUTED_VALUE"""),4.0) -> 4 | P3: =IFERROR(__xludf.DUMMYFUNCTION("""COMPUTED_VALUE"""),"CS") -> CS | Q3: =IFERROR(__xludf.DUMMYFUNCTION("""COMPUTED_VALUE"""),"HINO") -> HINO | R3: =IFERROR(__xludf.DUMMYFUNCTION("""COMPUTED_VALUE"""),"J08EWEJ12088") -> J08EWEJ12088 | S3: =IFERROR(__xludf.DUMMYFUNCTION("""COMPUTED_VALUE"""),"MJEFL8JN2NJP10126") -> MJEFL8JN2NJP10126 | T3: =IFERROR(__xludf.DUMMYFUNCTION("""COMPUTED_VALUE"""),46730.0) -> 46730 | U3: =IFERROR(__xludf.DUMMYFUNCTION("""COMPUTED_VALUE"""),"Berlaku") -> Berlaku | V3: =IFERROR(__xludf.DUMMYFUNCTION("""COMPUTED_VALUE"""),46365.0) -> 46365 | W3: =IFERROR(__xludf.DUMMYFUNCTION("""COMPUTED_VALUE"""),"Berlaku") -> Berlaku | Y3: =IFERROR(__xludf.DUMMYFUNCTION("""COMPUTED_VALUE"""),"Habis") -> Habis | Z3: =IFERROR(__xludf.DUMMYFUNCTION("""COMPUTED_VALUE"""),46303.0) -> 46303 | AA3: =IFERROR(__xludf.DUMMYFUNCTION("""COMPUTED_VALUE"""),"Akan Habis") -> Akan Habis | AB3: =IFERROR(__xludf.DUMMYFUNCTION("""COMPUTED_VALUE"""),46337.0) -> 46337 | AC3: =IFERROR(__xludf.DUMMYFUNCTION("""COMPUTED_VALUE"""),"Akan Habis") -> Akan Habis | AD3: =IFERROR(__xludf.DUMMYFUNCTION("""COMPUTED_VALUE"""),46347.0) -> 46347 | AE3: =IFERROR(__xludf.DUMMYFUNCTION("""COMPUTED_VALUE"""),"Berlaku") -> Berlaku | AF3: =IFERROR(__xludf.DUMMYFUNCTION("""COMPUTED_VALUE"""),"TUGU") -> TUGU | AG3: =IFERROR(__xludf.DUMMYFUNCTION("""COMPUTED_VALUE"""),"AKTIF ") -> AKTIF | AI3: =IFERROR(__xludf.DUMMYFUNCTION("""COMPUTED_VALUE"""),"R1880CK") -> R1880CK
A4: =IFERROR(__xludf.DUMMYFUNCTION("""COMPUTED_VALUE"""),8.0) -> 8 | B4: =IFERROR(__xludf.DUMMYFUNCTION("""COMPUTED_VALUE"""),"B9378TFV") -> B9378TFV | C4: =IFERROR(__xludf.DUMMYFUNCTION("""COMPUTED_VALUE"""),"8+8") -> 8+8 | D4: =IFERROR(__xludf.DUMMYFUNCTION("""COMPUTED_VALUE"""),16.0) -> 16 | E4: =IFERROR(__xludf.DUMMYFUNCTION("""COMPUTED_VALUE"""),"PT. ADAM TRANS") -> PT. ADAM TRANS | F4: =IFERROR(__xludf.DUMMYFUNCTION("""COMPUTED_VALUE"""),2023.0) -> 2023 | G4: =IFERROR(__xludf.DUMMYFUNCTION("""COMPUTED_VALUE"""),2023.0) -> 2023 | H4: =IFERROR(__xludf.DUMMYFUNCTION("""COMPUTED_VALUE"""),3.0) -> 3 | I4: =IFERROR(__xludf.DUMMYFUNCTION("""COMPUTED_VALUE"""),"2523 R/4500 6X2 MT") -> 2523 R/4500 6X2 MT | J4: =IFERROR(__xludf.DUMMYFUNCTION("""COMPUTED_VALUE"""),6374.0) -> 6374 | K4: =IFERROR(__xludf.DUMMYFUNCTION("""COMPUTED_VALUE"""),"EURO 5") -> EURO 5 | L4: =IFERROR(__xludf.DUMMYFUNCTION("""COMPUTED_VALUE"""),"Standart") -> Standart | M4: =IFERROR(__xludf.DUMMYFUNCTION("""COMPUTED_VALUE"""),"Meco") -> Meco | N4: =IFERROR(__xludf.DUMMYFUNCTION("""COMPUTED_VALUE"""),2023.0) -> 2023 | O4: =IFERROR(__xludf.DUMMYFUNCTION("""COMPUTED_VALUE"""),3.0) -> 3 | P4: =IFERROR(__xludf.DUMMYFUNCTION("""COMPUTED_VALUE"""),"CS") -> CS | Q4: =IFERROR(__xludf.DUMMYFUNCTION("""COMPUTED_VALUE"""),"MERCEDES BENZ") -> MERCEDES BENZ | R4: =IFERROR(__xludf.DUMMYFUNCTION("""COMPUTED_VALUE"""),"400952D0139091") -> 400952D0139091 | S4: =IFERROR(__xludf.DUMMYFUNCTION("""COMPUTED_VALUE"""),"MEC2126BAPP133277") -> MEC2126BAPP133277 | T4: =IFERROR(__xludf.DUMMYFUNCTION("""COMPUTED_VALUE"""),47025.0) -> 47025 | U4: =IFERROR(__xludf.DUMMYFUNCTION("""COMPUTED_VALUE"""),"Berlaku") -> Berlaku | V4: =IFERROR(__xludf.DUMMYFUNCTION("""COMPUTED_VALUE"""),46659.0) -> 46659 | W4: =IFERROR(__xludf.DUMMYFUNCTION("""COMPUTED_VALUE"""),"Berlaku") -> Berlaku | Y4: =IFERROR(__xludf.DUMMYFUNCTION("""COMPUTED_VALUE"""),"Habis") -> Habis | Z4: =IFERROR(__xludf.DUMMYFUNCTION("""COMPUTED_VALUE"""),46446.0) -> 46446 | AA4: =IFERROR(__xludf.DUMMYFUNCTION("""COMPUTED_VALUE"""),"Berlaku") -> Berlaku | AB4: =IFERROR(__xludf.DUMMYFUNCTION("""COMPUTED_VALUE"""),46688.0) -> 46688 | AC4: =IFERROR(__xludf.DUMMYFUNCTION("""COMPUTED_VALUE"""),"Berlaku") -> Berlaku | AD4: =IFERROR(__xludf.DUMMYFUNCTION("""COMPUTED_VALUE"""),46459.0) -> 46459 | AE4: =IFERROR(__xludf.DUMMYFUNCTION("""COMPUTED_VALUE"""),"Berlaku") -> Berlaku | AF4: =IFERROR(__xludf.DUMMYFUNCTION("""COMPUTED_VALUE"""),"TUGU") -> TUGU | AG4: =IFERROR(__xludf.DUMMYFUNCTION("""COMPUTED_VALUE"""),"AKTIF ") -> AKTIF | AI4: =IFERROR(__xludf.DUMMYFUNCTION("""COMPUTED_VALUE"""),"Menggantikan MT AA1895FP PT. TANAH PUTIH") -> Menggantikan MT AA1895FP PT. TANAH PUTIH
A5: =IFERROR(__xludf.DUMMYFUNCTION("""COMPUTED_VALUE"""),9.0) -> 9 | B5: =IFERROR(__xludf.DUMMYFUNCTION("""COMPUTED_VALUE"""),"B9376TFV") -> B9376TFV | C5: =IFERROR(__xludf.DUMMYFUNCTION("""COMPUTED_VALUE"""),"8+8") -> 8+8 | D5: =IFERROR(__xludf.DUMMYFUNCTION("""COMPUTED_VALUE"""),16.0) -> 16 | E5: =IFERROR(__xludf.DUMMYFUNCTION("""COMPUTED_VALUE"""),"PT. ADAM TRANS") -> PT. ADAM TRANS | F5: =IFERROR(__xludf.DUMMYFUNCTION("""COMPUTED_VALUE"""),2023.0) -> 2023 | G5: =IFERROR(__xludf.DUMMYFUNCTION("""COMPUTED_VALUE"""),2023.0) -> 2023 | H5: =IFERROR(__xludf.DUMMYFUNCTION("""COMPUTED_VALUE"""),3.0) -> 3 | I5: =IFERROR(__xludf.DUMMYFUNCTION("""COMPUTED_VALUE"""),"2523 R/4500 6X2 MT") -> 2523 R/4500 6X2 MT | J5: =IFERROR(__xludf.DUMMYFUNCTION("""COMPUTED_VALUE"""),6374.0) -> 6374 | K5: =IFERROR(__xludf.DUMMYFUNCTION("""COMPUTED_VALUE"""),"EURO 5") -> EURO 5 | L5: =IFERROR(__xludf.DUMMYFUNCTION("""COMPUTED_VALUE"""),"Standart") -> Standart | M5: =IFERROR(__xludf.DUMMYFUNCTION("""COMPUTED_VALUE"""),"Meco") -> Meco | N5: =IFERROR(__xludf.DUMMYFUNCTION("""COMPUTED_VALUE"""),2023.0) -> 2023 | O5: =IFERROR(__xludf.DUMMYFUNCTION("""COMPUTED_VALUE"""),3.0) -> 3 | P5: =IFERROR(__xludf.DUMMYFUNCTION("""COMPUTED_VALUE"""),"CS") -> CS | Q5: =IFERROR(__xludf.DUMMYFUNCTION("""COMPUTED_VALUE"""),"MERCEDES BENZ") -> MERCEDES BENZ | R5: =IFERROR(__xludf.DUMMYFUNCTION("""COMPUTED_VALUE"""),"400952D0139088") -> 400952D0139088 | S5: =IFERROR(__xludf.DUMMYFUNCTION("""COMPUTED_VALUE"""),"MEC2126BAPP133268") -> MEC2126BAPP133268 | T5: =IFERROR(__xludf.DUMMYFUNCTION("""COMPUTED_VALUE"""),47025.0) -> 47025 | U5: =IFERROR(__xludf.DUMMYFUNCTION("""COMPUTED_VALUE"""),"Berlaku") -> Berlaku | V5: =IFERROR(__xludf.DUMMYFUNCTION("""COMPUTED_VALUE"""),46659.0) -> 46659 | W5: =IFERROR(__xludf.DUMMYFUNCTION("""COMPUTED_VALUE"""),"Berlaku") -> Berlaku | Y5: =IFERROR(__xludf.DUMMYFUNCTION("""COMPUTED_VALUE"""),"Habis") -> Habis | Z5: =IFERROR(__xludf.DUMMYFUNCTION("""COMPUTED_VALUE"""),46447.0) -> 46447 | AA5: =IFERROR(__xludf.DUMMYFUNCTION("""COMPUTED_VALUE"""),"Berlaku") -> Berlaku | AB5: =IFERROR(__xludf.DUMMYFUNCTION("""COMPUTED_VALUE"""),46684.0) -> 46684 | AC5: =IFERROR(__xludf.DUMMYFUNCTION("""COMPUTED_VALUE"""),"Berlaku") -> Berlaku | AD5: =IFERROR(__xludf.DUMMYFUNCTION("""COMPUTED_VALUE"""),46459.0) -> 46459 | AE5: =IFERROR(__xludf.DUMMYFUNCTION("""COMPUTED_VALUE"""),"Berlaku") -> Berlaku | AF5: =IFERROR(__xludf.DUMMYFUNCTION("""COMPUTED_VALUE"""),"TUGU") -> TUGU | AG5: =IFERROR(__xludf.DUMMYFUNCTION("""COMPUTED_VALUE"""),"AKTIF ") -> AKTIF | AI5: =IFERROR(__xludf.DUMMYFUNCTION("""COMPUTED_VALUE"""),"Menggantikan MT AA1894FP PT. TANAH PUTIH") -> Menggantikan MT AA1894FP PT. TANAH PUTIH
A6: =IFERROR(__xludf.DUMMYFUNCTION("""COMPUTED_VALUE"""),10.0) -> 10 | B6: =IFERROR(__xludf.DUMMYFUNCTION("""COMPUTED_VALUE"""),"B9290TFV") -> B9290TFV | C6: =IFERROR(__xludf.DUMMYFUNCTION("""COMPUTED_VALUE"""),"8+8+8") -> 8+8+8 | D6: =IFERROR(__xludf.DUMMYFUNCTION("""COMPUTED_VALUE"""),24.0) -> 24 | E6: =IFERROR(__xludf.DUMMYFUNCTION("""COMPUTED_VALUE"""),"PT. ADAM TRANS") -> PT. ADAM TRANS | F6: =IFERROR(__xludf.DUMMYFUNCTION("""COMPUTED_VALUE"""),2022.0) -> 2022 | G6: =IFERROR(__xludf.DUMMYFUNCTION("""COMPUTED_VALUE"""),2022.0) -> 2022 | H6: =IFERROR(__xludf.DUMMYFUNCTION("""COMPUTED_VALUE"""),4.0) -> 4 | I6: =IFERROR(__xludf.DUMMYFUNCTION("""COMPUTED_VALUE"""),"SG8JF2B-XGJ") -> SG8JF2B-XGJ | J6: =IFERROR(__xludf.DUMMYFUNCTION("""COMPUTED_VALUE"""),7684.0) -> 7684 | K6: =IFERROR(__xludf.DUMMYFUNCTION("""COMPUTED_VALUE"""),"EURO 4") -> EURO 4 | L6: =IFERROR(__xludf.DUMMYFUNCTION("""COMPUTED_VALUE"""),"Standart") -> Standart | M6: =IFERROR(__xludf.DUMMYFUNCTION("""COMPUTED_VALUE"""),"Meco") -> Meco | N6: =IFERROR(__xludf.DUMMYFUNCTION("""COMPUTED_VALUE"""),2022.0) -> 2022 | O6: =IFERROR(__xludf.DUMMYFUNCTION("""COMPUTED_VALUE"""),4.0) -> 4 | P6: =IFERROR(__xludf.DUMMYFUNCTION("""COMPUTED_VALUE"""),"AA") -> AA | Q6: =IFERROR(__xludf.DUMMYFUNCTION("""COMPUTED_VALUE"""),"HINO") -> HINO | R6: =IFERROR(__xludf.DUMMYFUNCTION("""COMPUTED_VALUE"""),"J08EWDJ13408") -> J08EWDJ13408 | S6: =IFERROR(__xludf.DUMMYFUNCTION("""COMPUTED_VALUE"""),"MJESG8JF2NJX102576") -> MJESG8JF2NJX102576 | T6: =IFERROR(__xludf.DUMMYFUNCTION("""COMPUTED_VALUE"""),46713.0) -> 46713 | U6: =IFERROR(__xludf.DUMMYFUNCTION("""COMPUTED_VALUE"""),"Berlaku") -> Berlaku | V6: =IFERROR(__xludf.DUMMYFUNCTION("""COMPUTED_VALUE"""),46348.0) -> 46348 | W6: =IFERROR(__xludf.DUMMYFUNCTION("""COMPUTED_VALUE"""),"Berlaku") -> Berlaku | X6: =IFERROR(__xludf.DUMMYFUNCTION("""COMPUTED_VALUE"""),46303.0) -> 46303 | Y6: =IFERROR(__xludf.DUMMYFUNCTION("""COMPUTED_VALUE"""),"Akan Habis") -> Akan Habis | Z6: =IFERROR(__xludf.DUMMYFUNCTION("""COMPUTED_VALUE"""),46303.0) -> 46303 | AA6: =IFERROR(__xludf.DUMMYFUNCTION("""COMPUTED_VALUE"""),"Akan Habis") -> Akan Habis | AB6: =IFERROR(__xludf.DUMMYFUNCTION("""COMPUTED_VALUE"""),46548.0) -> 46548 | AC6: =IFERROR(__xludf.DUMMYFUNCTION("""COMPUTED_VALUE"""),"Berlaku") -> Berlaku | AD6: =IFERROR(__xludf.DUMMYFUNCTION("""COMPUTED_VALUE"""),46311.0) -> 46311 | AE6: =IFERROR(__xludf.DUMMYFUNCTION("""COMPUTED_VALUE"""),"Akan Habis") -> Akan Habis | AF6: =IFERROR(__xludf.DUMMYFUNCTION("""COMPUTED_VALUE"""),"TUGU") -> TUGU | AG6: =IFERROR(__xludf.DUMMYFUNCTION("""COMPUTED_VALUE"""),"AKTIF ") -> AKTIF | AI6: =IFERROR(__xludf.DUMMYFUNCTION("""COMPUTED_VALUE"""),"Menggantikan MT R 1892 DK PT Gelora yang afkir dan tidak diremajakan") -> Menggantikan MT R 1892 DK PT Gelora yang afkir dan tidak diremajakan
A7: =IFERROR(__xludf.DUMMYFUNCTION("""COMPUTED_VALUE"""),11.0) -> 11 | B7: =IFERROR(__xludf.DUMMYFUNCTION("""COMPUTED_VALUE"""),"B9355TFV") -> B9355TFV | C7: =IFERROR(__xludf.DUMMYFUNCTION("""COMPUTED_VALUE"""),"8+8+8") -> 8+8+8 | D7: =IFERROR(__xludf.DUMMYFUNCTION("""COMPUTED_VALUE"""),24.0) -> 24 | E7: =IFERROR(__xludf.DUMMYFUNCTION("""COMPUTED_VALUE"""),"PT. ADAM TRANS") -> PT. ADAM TRANS | F7: =IFERROR(__xludf.DUMMYFUNCTION("""COMPUTED_VALUE"""),2022.0) -> 2022 | G7: =IFERROR(__xludf.DUMMYFUNCTION("""COMPUTED_VALUE"""),2022.0) -> 2022 | H7: =IFERROR(__xludf.DUMMYFUNCTION("""COMPUTED_VALUE"""),4.0) -> 4 | I7: =IFERROR(__xludf.DUMMYFUNCTION("""COMPUTED_VALUE"""),"SG8JF2B-XGJ") -> SG8JF2B-XGJ | J7: =IFERROR(__xludf.DUMMYFUNCTION("""COMPUTED_VALUE"""),7684.0) -> 7684 | K7: =IFERROR(__xludf.DUMMYFUNCTION("""COMPUTED_VALUE"""),"EURO 4") -> EURO 4 | L7: =IFERROR(__xludf.DUMMYFUNCTION("""COMPUTED_VALUE"""),"Standart") -> Standart | M7: =IFERROR(__xludf.DUMMYFUNCTION("""COMPUTED_VALUE"""),"Meco") -> Meco | N7: =IFERROR(__xludf.DUMMYFUNCTION("""COMPUTED_VALUE"""),2022.0) -> 2022 | O7: =IFERROR(__xludf.DUMMYFUNCTION("""COMPUTED_VALUE"""),4.0) -> 4 | P7: =IFERROR(__xludf.DUMMYFUNCTION("""COMPUTED_VALUE"""),"AA") -> AA | Q7: =IFERROR(__xludf.DUMMYFUNCTION("""COMPUTED_VALUE"""),"HINO") -> HINO | R7: =IFERROR(__xludf.DUMMYFUNCTION("""COMPUTED_VALUE"""),"J08EWOJ13150") -> J08EWOJ13150 | S7: =IFERROR(__xludf.DUMMYFUNCTION("""COMPUTED_VALUE"""),"MJESG8JF2NJX10254") -> MJESG8JF2NJX10254 | T7: =IFERROR(__xludf.DUMMYFUNCTION("""COMPUTED_VALUE"""),46680.0) -> 46680 | U7: =IFERROR(__xludf.DUMMYFUNCTION("""COMPUTED_VALUE"""),"Berlaku") -> Berlaku | V7: =IFERROR(__xludf.DUMMYFUNCTION("""COMPUTED_VALUE"""),46315.0) -> 46315 | W7: =IFERROR(__xludf.DUMMYFUNCTION("""COMPUTED_VALUE"""),"Akan Habis") -> Akan Habis | X7: =IFERROR(__xludf.DUMMYFUNCTION("""COMPUTED_VALUE"""),46303.0) -> 46303 | Y7: =IFERROR(__xludf.DUMMYFUNCTION("""COMPUTED_VALUE"""),"Akan Habis") -> Akan Habis | Z7: =IFERROR(__xludf.DUMMYFUNCTION("""COMPUTED_VALUE"""),46303.0) -> 46303 | AA7: =IFERROR(__xludf.DUMMYFUNCTION("""COMPUTED_VALUE"""),"Akan Habis") -> Akan Habis | AB7: =IFERROR(__xludf.DUMMYFUNCTION("""COMPUTED_VALUE"""),46402.0) -> 46402 | AC7: =IFERROR(__xludf.DUMMYFUNCTION("""COMPUTED_VALUE"""),"Berlaku") -> Berlaku | AD7: =IFERROR(__xludf.DUMMYFUNCTION("""COMPUTED_VALUE"""),46311.0) -> 46311 | AE7: =IFERROR(__xludf.DUMMYFUNCTION("""COMPUTED_VALUE"""),"Akan Habis") -> Akan Habis | AF7: =IFERROR(__xludf.DUMMYFUNCTION("""COMPUTED_VALUE"""),"TUGU") -> TUGU | AG7: =IFERROR(__xludf.DUMMYFUNCTION("""COMPUTED_VALUE"""),"AKTIF ") -> AKTIF | AI7: =IFERROR(__xludf.DUMMYFUNCTION("""COMPUTED_VALUE"""),"Menggantikan MT R 1893 DK PT Gelora yang afkir dan tidak diremajakan") -> Menggantikan MT R 1893 DK PT Gelora yang afkir dan tidak diremajakan
A8: =IFERROR(__xludf.DUMMYFUNCTION("""COMPUTED_VALUE"""),12.0) -> 12 | B8: =IFERROR(__xludf.DUMMYFUNCTION("""COMPUTED_VALUE"""),"R8435CM") -> R8435CM | C8: =IFERROR(__xludf.DUMMYFUNCTION("""COMPUTED_VALUE"""),"8+8+8") -> 8+8+8 | D8: =IFERROR(__xludf.DUMMYFUNCTION("""COMPUTED_VALUE"""),24.0) -> 24 | E8: =IFERROR(__xludf.DUMMYFUNCTION("""COMPUTED_VALUE"""),"PT. KATRACO PUTRA SELARAS") -> PT. KATRACO PUTRA SELARAS | F8: =IFERROR(__xludf.DUMMYFUNCTION("""COMPUTED_VALUE"""),2022.0) -> 2022 | G8: =IFERROR(__xludf.DUMMYFUNCTION("""COMPUTED_VALUE"""),2022.0) -> 2022 | H8: =IFERROR(__xludf.DUMMYFUNCTION("""COMPUTED_VALUE"""),4.0) -> 4 | I8: =IFERROR(__xludf.DUMMYFUNCTION("""COMPUTED_VALUE"""),"SG8JF2B-XGJ (4X2)") -> SG8JF2B-XGJ (4X2) | J8: =IFERROR(__xludf.DUMMYFUNCTION("""COMPUTED_VALUE"""),7960.0) -> 7960 | K8: =IFERROR(__xludf.DUMMYFUNCTION("""COMPUTED_VALUE"""),"EURO 4") -> EURO 4 | L8: =IFERROR(__xludf.DUMMYFUNCTION("""COMPUTED_VALUE"""),"Standart") -> Standart | M8: =IFERROR(__xludf.DUMMYFUNCTION("""COMPUTED_VALUE"""),"Meco") -> Meco | N8: =IFERROR(__xludf.DUMMYFUNCTION("""COMPUTED_VALUE"""),2012.0) -> 2012 | O8: =IFERROR(__xludf.DUMMYFUNCTION("""COMPUTED_VALUE"""),14.0) -> 14 | P8: =IFERROR(__xludf.DUMMYFUNCTION("""COMPUTED_VALUE"""),"AA") -> AA | Q8: =IFERROR(__xludf.DUMMYFUNCTION("""COMPUTED_VALUE"""),"HINO") -> HINO | R8: =IFERROR(__xludf.DUMMYFUNCTION("""COMPUTED_VALUE"""),"J08EWDJ15223") -> J08EWDJ15223 | S8: =IFERROR(__xludf.DUMMYFUNCTION("""COMPUTED_VALUE"""),"MJESG8JF2NJX10417") -> MJESG8JF2NJX10417 | T8: =IFERROR(__xludf.DUMMYFUNCTION("""COMPUTED_VALUE"""),46708.0) -> 46708 | U8: =IFERROR(__xludf.DUMMYFUNCTION("""COMPUTED_VALUE"""),"Berlaku") -> Berlaku | V8: =IFERROR(__xludf.DUMMYFUNCTION("""COMPUTED_VALUE"""),46343.0) -> 46343 | W8: =IFERROR(__xludf.DUMMYFUNCTION("""COMPUTED_VALUE"""),"Akan Habis") -> Akan Habis | X8: =IFERROR(__xludf.DUMMYFUNCTION("""COMPUTED_VALUE"""),46352.0) -> 46352 | Y8: =IFERROR(__xludf.DUMMYFUNCTION("""COMPUTED_VALUE"""),"Berlaku") -> Berlaku | Z8: =IFERROR(__xludf.DUMMYFUNCTION("""COMPUTED_VALUE"""),46352.0) -> 46352 | AA8: =IFERROR(__xludf.DUMMYFUNCTION("""COMPUTED_VALUE"""),"Berlaku") -> Berlaku | AB8: =IFERROR(__xludf.DUMMYFUNCTION("""COMPUTED_VALUE"""),46339.0) -> 46339 | AC8: =IFERROR(__xludf.DUMMYFUNCTION("""COMPUTED_VALUE"""),"Akan Habis") -> Akan Habis | AD8: =IFERROR(__xludf.DUMMYFUNCTION("""COMPUTED_VALUE"""),46340.0) -> 46340 | AE8: =IFERROR(__xludf.DUMMYFUNCTION("""COMPUTED_VALUE"""),"Berlaku") -> Berlaku | AF8: =IFERROR(__xludf.DUMMYFUNCTION("""COMPUTED_VALUE"""),"TUGU") -> TUGU | AG8: =IFERROR(__xludf.DUMMYFUNCTION("""COMPUTED_VALUE"""),"AKTIF ") -> AKTIF
A9: =IFERROR(__xludf.DUMMYFUNCTION("""COMPUTED_VALUE"""),14.0) -> 14 | B9: =IFERROR(__xludf.DUMMYFUNCTION("""COMPUTED_VALUE"""),"B9697SFV") -> B9697SFV | C9: =IFERROR(__xludf.DUMMYFUNCTION("""COMPUTED_VALUE"""),"4+4") -> 4+4 | D9: =IFERROR(__xludf.DUMMYFUNCTION("""COMPUTED_VALUE"""),8.0) -> 8 | E9: =IFERROR(__xludf.DUMMYFUNCTION("""COMPUTED_VALUE"""),"PT. ELNUSA PETROFIN") -> PT. ELNUSA PETROFIN | F9: =IFERROR(__xludf.DUMMYFUNCTION("""COMPUTED_VALUE"""),2022.0) -> 2022 | G9: =IFERROR(__xludf.DUMMYFUNCTION("""COMPUTED_VALUE"""),2023.0) -> 2023 | H9: =IFERROR(__xludf.DUMMYFUNCTION("""COMPUTED_VALUE"""),4.0) -> 4 | I9: =IFERROR(__xludf.DUMMYFUNCTION("""COMPUTED_VALUE"""),"FG8JK2A-PGJ") -> FG8JK2A-PGJ | J9: =IFERROR(__xludf.DUMMYFUNCTION("""COMPUTED_VALUE"""),7684.0) -> 7684 | K9: =IFERROR(__xludf.DUMMYFUNCTION("""COMPUTED_VALUE"""),"EURO 4") -> EURO 4 | L9: =IFERROR(__xludf.DUMMYFUNCTION("""COMPUTED_VALUE"""),"Standart") -> Standart | M9: =IFERROR(__xludf.DUMMYFUNCTION("""COMPUTED_VALUE"""),"Geluran Adikarya") -> Geluran Adikarya | N9: =IFERROR(__xludf.DUMMYFUNCTION("""COMPUTED_VALUE"""),2023.0) -> 2023 | O9: =IFERROR(__xludf.DUMMYFUNCTION("""COMPUTED_VALUE"""),3.0) -> 3 | P9: =IFERROR(__xludf.DUMMYFUNCTION("""COMPUTED_VALUE"""),"CS") -> CS | Q9: =IFERROR(__xludf.DUMMYFUNCTION("""COMPUTED_VALUE"""),"HINO") -> HINO | R9: =IFERROR(__xludf.DUMMYFUNCTION("""COMPUTED_VALUE"""),"JO8EWEJ15259") -> JO8EWEJ15259 | S9: =IFERROR(__xludf.DUMMYFUNCTION("""COMPUTED_VALUE"""),"MJEFG8JK2NJP1018") -> MJEFG8JK2NJP1018 | T9: =IFERROR(__xludf.DUMMYFUNCTION("""COMPUTED_VALUE"""),46981.0) -> 46981 | U9: =IFERROR(__xludf.DUMMYFUNCTION("""COMPUTED_VALUE"""),"Berlaku") -> Berlaku | V9: =IFERROR(__xludf.DUMMYFUNCTION("""COMPUTED_VALUE"""),46615.0) -> 46615 | W9: =IFERROR(__xludf.DUMMYFUNCTION("""COMPUTED_VALUE"""),"Berlaku") -> Berlaku | Y9: =IFERROR(__xludf.DUMMYFUNCTION("""COMPUTED_VALUE"""),"Habis") -> Habis | Z9: =IFERROR(__xludf.DUMMYFUNCTION("""COMPUTED_VALUE"""),46424.0) -> 46424 | AA9: =IFERROR(__xludf.DUMMYFUNCTION("""COMPUTED_VALUE"""),"Berlaku") -> Berlaku | AB9: =IFERROR(__xludf.DUMMYFUNCTION("""COMPUTED_VALUE"""),46684.0) -> 46684 | AC9: =IFERROR(__xludf.DUMMYFUNCTION("""COMPUTED_VALUE"""),"Berlaku") -> Berlaku | AD9: =IFERROR(__xludf.DUMMYFUNCTION("""COMPUTED_VALUE"""),46340.0) -> 46340 | AE9: =IFERROR(__xludf.DUMMYFUNCTION("""COMPUTED_VALUE"""),"Berlaku") -> Berlaku | AF9: =IFERROR(__xludf.DUMMYFUNCTION("""COMPUTED_VALUE"""),"MANDIRI") -> MANDIRI | AG9: =IFERROR(__xludf.DUMMYFUNCTION("""COMPUTED_VALUE"""),"AKTIF ") -> AKTIF | AI9: =IFERROR(__xludf.DUMMYFUNCTION("""COMPUTED_VALUE"""),"Menggantikan MT AA1959EF PT. TANAH PUTIH") -> Menggantikan MT AA1959EF PT. TANAH PUTIH
A10: =IFERROR(__xludf.DUMMYFUNCTION("""COMPUTED_VALUE"""),15.0) -> 15 | B10: =IFERROR(__xludf.DUMMYFUNCTION("""COMPUTED_VALUE"""),"B9061SFV") -> B9061SFV | C10: =IFERROR(__xludf.DUMMYFUNCTION("""COMPUTED_VALUE"""),"8+8") -> 8+8 | D10: =IFERROR(__xludf.DUMMYFUNCTION("""COMPUTED_VALUE"""),16.0) -> 16 | E10: =IFERROR(__xludf.DUMMYFUNCTION("""COMPUTED_VALUE"""),"PT. ELNUSA PETROFIN") -> PT. ELNUSA PETROFIN | F10: =IFERROR(__xludf.DUMMYFUNCTION("""COMPUTED_VALUE"""),2018.0) -> 2018 | G10: =IFERROR(__xludf.DUMMYFUNCTION("""COMPUTED_VALUE"""),2018.0) -> 2018 | H10: =IFERROR(__xludf.DUMMYFUNCTION("""COMPUTED_VALUE"""),8.0) -> 8 | I10: =IFERROR(__xludf.DUMMYFUNCTION("""COMPUTED_VALUE"""),"CDE250 6X2R WB5100MM") -> CDE250 6X2R WB5100MM | J10: =IFERROR(__xludf.DUMMYFUNCTION("""COMPUTED_VALUE"""),7698.0) -> 7698 | K10: =IFERROR(__xludf.DUMMYFUNCTION("""COMPUTED_VALUE"""),"EURO 2") -> EURO 2 | L10: =IFERROR(__xludf.DUMMYFUNCTION("""COMPUTED_VALUE"""),"PTO") -> PTO | M10: =IFERROR(__xludf.DUMMYFUNCTION("""COMPUTED_VALUE"""),"Geluran Adikarya") -> Geluran Adikarya | N10: =IFERROR(__xludf.DUMMYFUNCTION("""COMPUTED_VALUE"""),2018.0) -> 2018 | O10: =IFERROR(__xludf.DUMMYFUNCTION("""COMPUTED_VALUE"""),8.0) -> 8 | P10: =IFERROR(__xludf.DUMMYFUNCTION("""COMPUTED_VALUE"""),"CS") -> CS | Q10: =IFERROR(__xludf.DUMMYFUNCTION("""COMPUTED_VALUE"""),"UD TRUCKS") -> UD TRUCKS | R10: =IFERROR(__xludf.DUMMYFUNCTION("""COMPUTED_VALUE"""),"GH8465224A1P") -> GH8465224A1P | S10: =IFERROR(__xludf.DUMMYFUNCTION("""COMPUTED_VALUE"""),"JPCZX22C8JT020521") -> JPCZX22C8JT020521 | T10: =IFERROR(__xludf.DUMMYFUNCTION("""COMPUTED_VALUE"""),46877.0) -> 46877 | U10: =IFERROR(__xludf.DUMMYFUNCTION("""COMPUTED_VALUE"""),"Berlaku") -> Berlaku | V10: =IFERROR(__xludf.DUMMYFUNCTION("""COMPUTED_VALUE"""),46511.0) -> 46511 | W10: =IFERROR(__xludf.DUMMYFUNCTION("""COMPUTED_VALUE"""),"Berlaku") -> Berlaku | Y10: =IFERROR(__xludf.DUMMYFUNCTION("""COMPUTED_VALUE"""),"Habis") -> Habis | Z10: =IFERROR(__xludf.DUMMYFUNCTION("""COMPUTED_VALUE"""),46424.0) -> 46424 | AA10: =IFERROR(__xludf.DUMMYFUNCTION("""COMPUTED_VALUE"""),"Berlaku") -> Berlaku | AB10: =IFERROR(__xludf.DUMMYFUNCTION("""COMPUTED_VALUE"""),46505.0) -> 46505 | AC10: =IFERROR(__xludf.DUMMYFUNCTION("""COMPUTED_VALUE"""),"Berlaku") -> Berlaku | AD10: =IFERROR(__xludf.DUMMYFUNCTION("""COMPUTED_VALUE"""),46340.0) -> 46340 | AE10: =IFERROR(__xludf.DUMMYFUNCTION("""COMPUTED_VALUE"""),"Berlaku") -> Berlaku | AF10: =IFERROR(__xludf.DUMMYFUNCTION("""COMPUTED_VALUE"""),"MANDIRI") -> MANDIRI | AG10: =IFERROR(__xludf.DUMMYFUNCTION("""COMPUTED_VALUE"""),"AKTIF ") -> AKTIF
A11: =IFERROR(__xludf.DUMMYFUNCTION("""COMPUTED_VALUE"""),16.0) -> 16 | B11: =IFERROR(__xludf.DUMMYFUNCTION("""COMPUTED_VALUE"""),"E9225YC") -> E9225YC | C11: =IFERROR(__xludf.DUMMYFUNCTION("""COMPUTED_VALUE"""),"8+8+8") -> 8+8+8 | D11: =IFERROR(__xludf.DUMMYFUNCTION("""COMPUTED_VALUE"""),24.0) -> 24 | E11: =IFERROR(__xludf.DUMMYFUNCTION("""COMPUTED_VALUE"""),"PT. PUSPITA CIPTA") -> PT. PUSPITA CIPTA | F11: =IFERROR(__xludf.DUMMYFUNCTION("""COMPUTED_VALUE"""),2022.0) -> 2022 | G11: =IFERROR(__xludf.DUMMYFUNCTION("""COMPUTED_VALUE"""),2022.0) -> 2022 | H11: =IFERROR(__xludf.DUMMYFUNCTION("""COMPUTED_VALUE"""),4.0) -> 4 | I11: =IFERROR(__xludf.DUMMYFUNCTION("""COMPUTED_VALUE"""),"SG8JF2B-XGJ") -> SG8JF2B-XGJ | J11: =IFERROR(__xludf.DUMMYFUNCTION("""COMPUTED_VALUE"""),7684.0) -> 7684 | K11: =IFERROR(__xludf.DUMMYFUNCTION("""COMPUTED_VALUE"""),"EURO 4") -> EURO 4 | L11: =IFERROR(__xludf.DUMMYFUNCTION("""COMPUTED_VALUE"""),"Standart") -> Standart | M11: =IFERROR(__xludf.DUMMYFUNCTION("""COMPUTED_VALUE"""),"Aweco") -> Aweco | N11: =IFERROR(__xludf.DUMMYFUNCTION("""COMPUTED_VALUE"""),2012.0) -> 2012 | O11: =IFERROR(__xludf.DUMMYFUNCTION("""COMPUTED_VALUE"""),14.0) -> 14 | P11: =IFERROR(__xludf.DUMMYFUNCTION("""COMPUTED_VALUE"""),"AA") -> AA | Q11: =IFERROR(__xludf.DUMMYFUNCTION("""COMPUTED_VALUE"""),"HINO") -> HINO | R11: =IFERROR(__xludf.DUMMYFUNCTION("""COMPUTED_VALUE"""),"J08EWDJ13442") -> J08EWDJ13442 | S11: =IFERROR(__xludf.DUMMYFUNCTION("""COMPUTED_VALUE"""),"MJESG8JF2NJX10278") -> MJESG8JF2NJX10278 | T11: =IFERROR(__xludf.DUMMYFUNCTION("""COMPUTED_VALUE"""),46672.0) -> 46672 | U11: =IFERROR(__xludf.DUMMYFUNCTION("""COMPUTED_VALUE"""),"Berlaku") -> Berlaku | V11: =IFERROR(__xludf.DUMMYFUNCTION("""COMPUTED_VALUE"""),46307.0) -> 46307 | W11: =IFERROR(__xludf.DUMMYFUNCTION("""COMPUTED_VALUE"""),"Akan Habis") -> Akan Habis | X11: =IFERROR(__xludf.DUMMYFUNCTION("""COMPUTED_VALUE"""),46315.0) -> 46315 | Y11: =IFERROR(__xludf.DUMMYFUNCTION("""COMPUTED_VALUE"""),"Akan Habis") -> Akan Habis | Z11: =IFERROR(__xludf.DUMMYFUNCTION("""COMPUTED_VALUE"""),46315.0) -> 46315 | AA11: =IFERROR(__xludf.DUMMYFUNCTION("""COMPUTED_VALUE"""),"Akan Habis") -> Akan Habis | AB11: =IFERROR(__xludf.DUMMYFUNCTION("""COMPUTED_VALUE"""),46437.0) -> 46437 | AC11: =IFERROR(__xludf.DUMMYFUNCTION("""COMPUTED_VALUE"""),"Berlaku") -> Berlaku | AD11: =IFERROR(__xludf.DUMMYFUNCTION("""COMPUTED_VALUE"""),46340.0) -> 46340 | AE11: =IFERROR(__xludf.DUMMYFUNCTION("""COMPUTED_VALUE"""),"Berlaku") -> Berlaku | AF11: =IFERROR(__xludf.DUMMYFUNCTION("""COMPUTED_VALUE"""),"TUGU") -> TUGU | AG11: =IFERROR(__xludf.DUMMYFUNCTION("""COMPUTED_VALUE"""),"AKTIF ") -> AKTIF | AI11: =IFERROR(__xludf.DUMMYFUNCTION("""COMPUTED_VALUE"""),"Menggantikan MT E 9632 YA sama-sama PT Puspita Cipta") -> Menggantikan MT E 9632 YA sama-sama PT Puspita Cipta
A12: =IFERROR(__xludf.DUMMYFUNCTION("""COMPUTED_VALUE"""),18.0) -> 18 | B12: =IFERROR(__xludf.DUMMYFUNCTION("""COMPUTED_VALUE"""),"E9334YC") -> E9334YC | C12: =IFERROR(__xludf.DUMMYFUNCTION("""COMPUTED_VALUE"""),"8+8+8") -> 8+8+8 | D12: =IFERROR(__xludf.DUMMYFUNCTION("""COMPUTED_VALUE"""),24.0) -> 24 | E12: =IFERROR(__xludf.DUMMYFUNCTION("""COMPUTED_VALUE"""),"PT. PUSPITA CIPTA") -> PT. PUSPITA CIPTA | F12: =IFERROR(__xludf.DUMMYFUNCTION("""COMPUTED_VALUE"""),2023.0) -> 2023 | G12: =IFERROR(__xludf.DUMMYFUNCTION("""COMPUTED_VALUE"""),2023.0) -> 2023 | H12: =IFERROR(__xludf.DUMMYFUNCTION("""COMPUTED_VALUE"""),3.0) -> 3 | I12: =IFERROR(__xludf.DUMMYFUNCTION("""COMPUTED_VALUE"""),"4028T") -> 4028T | J12: =IFERROR(__xludf.DUMMYFUNCTION("""COMPUTED_VALUE"""),6374.0) -> 6374 | K12: =IFERROR(__xludf.DUMMYFUNCTION("""COMPUTED_VALUE"""),"EURO 5") -> EURO 5 | L12: =IFERROR(__xludf.DUMMYFUNCTION("""COMPUTED_VALUE"""),"Standart") -> Standart | M12: =IFERROR(__xludf.DUMMYFUNCTION("""COMPUTED_VALUE"""),"Geluran Adikarya") -> Geluran Adikarya | N12: =IFERROR(__xludf.DUMMYFUNCTION("""COMPUTED_VALUE"""),2013.0) -> 2013 | O12: =IFERROR(__xludf.DUMMYFUNCTION("""COMPUTED_VALUE"""),13.0) -> 13 | P12: =IFERROR(__xludf.DUMMYFUNCTION("""COMPUTED_VALUE"""),"AA") -> AA | Q12: =IFERROR(__xludf.DUMMYFUNCTION("""COMPUTED_VALUE"""),"MERCEDES BENZ") -> MERCEDES BENZ | R12: =IFERROR(__xludf.DUMMYFUNCTION("""COMPUTED_VALUE"""),"400953D0141214") -> 400953D0141214 | S12: =IFERROR(__xludf.DUMMYFUNCTION("""COMPUTED_VALUE"""),"MFJ400262PJ002664") -> MFJ400262PJ002664 | T12: =IFERROR(__xludf.DUMMYFUNCTION("""COMPUTED_VALUE"""),47114.0) -> 47114 | U12: =IFERROR(__xludf.DUMMYFUNCTION("""COMPUTED_VALUE"""),"Berlaku") -> Berlaku | V12: =IFERROR(__xludf.DUMMYFUNCTION("""COMPUTED_VALUE"""),46383.0) -> 46383 | W12: =IFERROR(__xludf.DUMMYFUNCTION("""COMPUTED_VALUE"""),"Berlaku") -> Berlaku | X12: =IFERROR(__xludf.DUMMYFUNCTION("""COMPUTED_VALUE"""),46331.0) -> 46331 | Y12: =IFERROR(__xludf.DUMMYFUNCTION("""COMPUTED_VALUE"""),"Akan Habis") -> Akan Habis | Z12: =IFERROR(__xludf.DUMMYFUNCTION("""COMPUTED_VALUE"""),46331.0) -> 46331 | AA12: =IFERROR(__xludf.DUMMYFUNCTION("""COMPUTED_VALUE"""),"Berlaku") -> Berlaku | AB12: =IFERROR(__xludf.DUMMYFUNCTION("""COMPUTED_VALUE"""),46884.0) -> 46884 | AC12: =IFERROR(__xludf.DUMMYFUNCTION("""COMPUTED_VALUE"""),"Berlaku") -> Berlaku | AD12: =IFERROR(__xludf.DUMMYFUNCTION("""COMPUTED_VALUE"""),46360.0) -> 46360 | AE12: =IFERROR(__xludf.DUMMYFUNCTION("""COMPUTED_VALUE"""),"Berlaku") -> Berlaku | AF12: =IFERROR(__xludf.DUMMYFUNCTION("""COMPUTED_VALUE"""),"TUGU") -> TUGU | AG12: =IFERROR(__xludf.DUMMYFUNCTION("""COMPUTED_VALUE"""),"AKTIF ") -> AKTIF | AI12: =IFERROR(__xludf.DUMMYFUNCTION("""COMPUTED_VALUE"""),"Menggantikan MT E 9795 YA sama-sama PT Puspita Cipta afkir setelah dispensasi ke 4 tgl 27 Januari 2024") -> Menggantikan MT E 9795 YA sama-sama PT Puspita Cipta afkir setelah dispensasi ke 4 tgl 27 Januari 2024
A13: =IFERROR(__xludf.DUMMYFUNCTION("""COMPUTED_VALUE"""),19.0) -> 19 | B13: =IFERROR(__xludf.DUMMYFUNCTION("""COMPUTED_VALUE"""),"E9335YC") -> E9335YC | C13: =IFERROR(__xludf.DUMMYFUNCTION("""COMPUTED_VALUE"""),"8+8+8") -> 8+8+8 | D13: =IFERROR(__xludf.DUMMYFUNCTION("""COMPUTED_VALUE"""),24.0) -> 24 | E13: =IFERROR(__xludf.DUMMYFUNCTION("""COMPUTED_VALUE"""),"PT. PUSPITA CIPTA") -> PT. PUSPITA CIPTA | F13: =IFERROR(__xludf.DUMMYFUNCTION("""COMPUTED_VALUE"""),2023.0) -> 2023 | G13: =IFERROR(__xludf.DUMMYFUNCTION("""COMPUTED_VALUE"""),2023.0) -> 2023 | H13: =IFERROR(__xludf.DUMMYFUNCTION("""COMPUTED_VALUE"""),3.0) -> 3 | I13: =IFERROR(__xludf.DUMMYFUNCTION("""COMPUTED_VALUE"""),"4028T") -> 4028T | J13: =IFERROR(__xludf.DUMMYFUNCTION("""COMPUTED_VALUE"""),6374.0) -> 6374 | K13: =IFERROR(__xludf.DUMMYFUNCTION("""COMPUTED_VALUE"""),"EURO 5") -> EURO 5 | L13: =IFERROR(__xludf.DUMMYFUNCTION("""COMPUTED_VALUE"""),"Standart") -> Standart | M13: =IFERROR(__xludf.DUMMYFUNCTION("""COMPUTED_VALUE"""),"Geluran Adikarya") -> Geluran Adikarya | N13: =IFERROR(__xludf.DUMMYFUNCTION("""COMPUTED_VALUE"""),2013.0) -> 2013 | O13: =IFERROR(__xludf.DUMMYFUNCTION("""COMPUTED_VALUE"""),13.0) -> 13 | P13: =IFERROR(__xludf.DUMMYFUNCTION("""COMPUTED_VALUE"""),"AA") -> AA | Q13: =IFERROR(__xludf.DUMMYFUNCTION("""COMPUTED_VALUE"""),"MERCEDES BENZ") -> MERCEDES BENZ | R13: =IFERROR(__xludf.DUMMYFUNCTION("""COMPUTED_VALUE"""),"400953D0141220") -> 400953D0141220 | S13: =IFERROR(__xludf.DUMMYFUNCTION("""COMPUTED_VALUE"""),"MFJ400262PJ002663") -> MFJ400262PJ002663 | T13: =IFERROR(__xludf.DUMMYFUNCTION("""COMPUTED_VALUE"""),47114.0) -> 47114 | U13: =IFERROR(__xludf.DUMMYFUNCTION("""COMPUTED_VALUE"""),"Berlaku") -> Berlaku | V13: =IFERROR(__xludf.DUMMYFUNCTION("""COMPUTED_VALUE"""),46383.0) -> 46383 | W13: =IFERROR(__xludf.DUMMYFUNCTION("""COMPUTED_VALUE"""),"Berlaku") -> Berlaku | X13: =IFERROR(__xludf.DUMMYFUNCTION("""COMPUTED_VALUE"""),46331.0) -> 46331 | Y13: =IFERROR(__xludf.DUMMYFUNCTION("""COMPUTED_VALUE"""),"Akan Habis") -> Akan Habis | Z13: =IFERROR(__xludf.DUMMYFUNCTION("""COMPUTED_VALUE"""),46331.0) -> 46331 | AA13: =IFERROR(__xludf.DUMMYFUNCTION("""COMPUTED_VALUE"""),"Berlaku") -> Berlaku | AB13: =IFERROR(__xludf.DUMMYFUNCTION("""COMPUTED_VALUE"""),46912.0) -> 46912 | AC13: =IFERROR(__xludf.DUMMYFUNCTION("""COMPUTED_VALUE"""),"Berlaku") -> Berlaku | AD13: =IFERROR(__xludf.DUMMYFUNCTION("""COMPUTED_VALUE"""),46360.0) -> 46360 | AE13: =IFERROR(__xludf.DUMMYFUNCTION("""COMPUTED_VALUE"""),"Berlaku") -> Berlaku | AF13: =IFERROR(__xludf.DUMMYFUNCTION("""COMPUTED_VALUE"""),"TUGU") -> TUGU | AG13: =IFERROR(__xludf.DUMMYFUNCTION("""COMPUTED_VALUE"""),"AKTIF ") -> AKTIF | AI13: =IFERROR(__xludf.DUMMYFUNCTION("""COMPUTED_VALUE"""),"Menggantikan MT E 9854 YA sama-sama PT Puspita Cipta afkir setelah dispensasi 3 sd 27 Februari 2024") -> Menggantikan MT E 9854 YA sama-sama PT Puspita Cipta afkir setelah dispensasi 3 sd 27 Februari 2024
A14: =IFERROR(__xludf.DUMMYFUNCTION("""COMPUTED_VALUE"""),20.0) -> 20 | B14: =IFERROR(__xludf.DUMMYFUNCTION("""COMPUTED_VALUE"""),"E9412YC") -> E9412YC | C14: =IFERROR(__xludf.DUMMYFUNCTION("""COMPUTED_VALUE"""),"8+8+8") -> 8+8+8 | D14: =IFERROR(__xludf.DUMMYFUNCTION("""COMPUTED_VALUE"""),24.0) -> 24 | E14: =IFERROR(__xludf.DUMMYFUNCTION("""COMPUTED_VALUE"""),"PT. PUSPITA CIPTA") -> PT. PUSPITA CIPTA | F14: =IFERROR(__xludf.DUMMYFUNCTION("""COMPUTED_VALUE"""),2024.0) -> 2024 | G14: =IFERROR(__xludf.DUMMYFUNCTION("""COMPUTED_VALUE"""),2024.0) -> 2024 | H14: =IFERROR(__xludf.DUMMYFUNCTION("""COMPUTED_VALUE"""),2.0) -> 2 | I14: =IFERROR(__xludf.DUMMYFUNCTION("""COMPUTED_VALUE"""),"4028T") -> 4028T | J14: =IFERROR(__xludf.DUMMYFUNCTION("""COMPUTED_VALUE"""),6374.0) -> 6374 | K14: =IFERROR(__xludf.DUMMYFUNCTION("""COMPUTED_VALUE"""),"EURO 5") -> EURO 5 | L14: =IFERROR(__xludf.DUMMYFUNCTION("""COMPUTED_VALUE"""),"Standart") -> Standart | M14: =IFERROR(__xludf.DUMMYFUNCTION("""COMPUTED_VALUE"""),"Geluran Adikarya") -> Geluran Adikarya | N14: =IFERROR(__xludf.DUMMYFUNCTION("""COMPUTED_VALUE"""),2014.0) -> 2014 | O14: =IFERROR(__xludf.DUMMYFUNCTION("""COMPUTED_VALUE"""),12.0) -> 12 | P14: =IFERROR(__xludf.DUMMYFUNCTION("""COMPUTED_VALUE"""),"AA") -> AA | Q14: =IFERROR(__xludf.DUMMYFUNCTION("""COMPUTED_VALUE"""),"MERCEDES BENZ") -> MERCEDES BENZ | R14: =IFERROR(__xludf.DUMMYFUNCTION("""COMPUTED_VALUE"""),"400953D0157253") -> 400953D0157253 | S14: =IFERROR(__xludf.DUMMYFUNCTION("""COMPUTED_VALUE"""),"MFJ400262RJ003239") -> MFJ400262RJ003239 | T14: =IFERROR(__xludf.DUMMYFUNCTION("""COMPUTED_VALUE"""),47429.0) -> 47429 | U14: =IFERROR(__xludf.DUMMYFUNCTION("""COMPUTED_VALUE"""),"Berlaku") -> Berlaku | V14: =IFERROR(__xludf.DUMMYFUNCTION("""COMPUTED_VALUE"""),46333.0) -> 46333 | W14: =IFERROR(__xludf.DUMMYFUNCTION("""COMPUTED_VALUE"""),"Akan Habis") -> Akan Habis | X14: =IFERROR(__xludf.DUMMYFUNCTION("""COMPUTED_VALUE"""),46331.0) -> 46331 | Y14: =IFERROR(__xludf.DUMMYFUNCTION("""COMPUTED_VALUE"""),"Akan Habis") -> Akan Habis | Z14: =IFERROR(__xludf.DUMMYFUNCTION("""COMPUTED_VALUE"""),46331.0) -> 46331 | AA14: =IFERROR(__xludf.DUMMYFUNCTION("""COMPUTED_VALUE"""),"Berlaku") -> Berlaku | AB14: =IFERROR(__xludf.DUMMYFUNCTION("""COMPUTED_VALUE"""),46351.0) -> 46351 | AC14: =IFERROR(__xludf.DUMMYFUNCTION("""COMPUTED_VALUE"""),"Akan Habis") -> Akan Habis | AD14: =IFERROR(__xludf.DUMMYFUNCTION("""COMPUTED_VALUE"""),46340.0) -> 46340 | AE14: =IFERROR(__xludf.DUMMYFUNCTION("""COMPUTED_VALUE"""),"Berlaku") -> Berlaku | AF14: =IFERROR(__xludf.DUMMYFUNCTION("""COMPUTED_VALUE"""),"TUGU") -> TUGU | AG14: =IFERROR(__xludf.DUMMYFUNCTION("""COMPUTED_VALUE"""),"AKTIF ") -> AKTIF | AI14: =IFERROR(__xludf.DUMMYFUNCTION("""COMPUTED_VALUE"""),"Meremajakan MT E 9212 YB") -> Meremajakan MT E 9212 YB
A15: =IFERROR(__xludf.DUMMYFUNCTION("""COMPUTED_VALUE"""),23.0) -> 23 | B15: =IFERROR(__xludf.DUMMYFUNCTION("""COMPUTED_VALUE"""),"E9445YC") -> E9445YC | C15: =IFERROR(__xludf.DUMMYFUNCTION("""COMPUTED_VALUE"""),"8+8+8") -> 8+8+8 | D15: =IFERROR(__xludf.DUMMYFUNCTION("""COMPUTED_VALUE"""),24.0) -> 24 | E15: =IFERROR(__xludf.DUMMYFUNCTION("""COMPUTED_VALUE"""),"PT. PUSPITA CIPTA") -> PT. PUSPITA CIPTA | F15: =IFERROR(__xludf.DUMMYFUNCTION("""COMPUTED_VALUE"""),2024.0) -> 2024 | G15: =IFERROR(__xludf.DUMMYFUNCTION("""COMPUTED_VALUE"""),2024.0) -> 2024 | H15: =IFERROR(__xludf.DUMMYFUNCTION("""COMPUTED_VALUE"""),2.0) -> 2 | I15: =IFERROR(__xludf.DUMMYFUNCTION("""COMPUTED_VALUE"""),"4028T") -> 4028T | J15: =IFERROR(__xludf.DUMMYFUNCTION("""COMPUTED_VALUE"""),6374.0) -> 6374 | K15: =IFERROR(__xludf.DUMMYFUNCTION("""COMPUTED_VALUE"""),"EURO 5") -> EURO 5 | L15: =IFERROR(__xludf.DUMMYFUNCTION("""COMPUTED_VALUE"""),"Standart") -> Standart | M15: =IFERROR(__xludf.DUMMYFUNCTION("""COMPUTED_VALUE"""),"Geluran Adikarya") -> Geluran Adikarya | N15: =IFERROR(__xludf.DUMMYFUNCTION("""COMPUTED_VALUE"""),2014.0) -> 2014 | O15: =IFERROR(__xludf.DUMMYFUNCTION("""COMPUTED_VALUE"""),12.0) -> 12 | P15: =IFERROR(__xludf.DUMMYFUNCTION("""COMPUTED_VALUE"""),"AA") -> AA | Q15: =IFERROR(__xludf.DUMMYFUNCTION("""COMPUTED_VALUE"""),"MERCEDES BENZ") -> MERCEDES BENZ | R15: =IFERROR(__xludf.DUMMYFUNCTION("""COMPUTED_VALUE"""),"400953D0160558") -> 400953D0160558 | S15: =IFERROR(__xludf.DUMMYFUNCTION("""COMPUTED_VALUE"""),"MFJ400262RJ003564") -> MFJ400262RJ003564 | T15: =IFERROR(__xludf.DUMMYFUNCTION("""COMPUTED_VALUE"""),47475.0) -> 47475 | U15: =IFERROR(__xludf.DUMMYFUNCTION("""COMPUTED_VALUE"""),"Berlaku") -> Berlaku | V15: =IFERROR(__xludf.DUMMYFUNCTION("""COMPUTED_VALUE"""),46379.0) -> 46379 | W15: =IFERROR(__xludf.DUMMYFUNCTION("""COMPUTED_VALUE"""),"Berlaku") -> Berlaku | X15: =IFERROR(__xludf.DUMMYFUNCTION("""COMPUTED_VALUE"""),46332.0) -> 46332 | Y15: =IFERROR(__xludf.DUMMYFUNCTION("""COMPUTED_VALUE"""),"Akan Habis") -> Akan Habis | Z15: =IFERROR(__xludf.DUMMYFUNCTION("""COMPUTED_VALUE"""),46332.0) -> 46332 | AA15: =IFERROR(__xludf.DUMMYFUNCTION("""COMPUTED_VALUE"""),"Berlaku") -> Berlaku | AB15: =IFERROR(__xludf.DUMMYFUNCTION("""COMPUTED_VALUE"""),46452.0) -> 46452 | AC15: =IFERROR(__xludf.DUMMYFUNCTION("""COMPUTED_VALUE"""),"Berlaku") -> Berlaku | AD15: =IFERROR(__xludf.DUMMYFUNCTION("""COMPUTED_VALUE"""),46340.0) -> 46340 | AE15: =IFERROR(__xludf.DUMMYFUNCTION("""COMPUTED_VALUE"""),"Berlaku") -> Berlaku | AF15: =IFERROR(__xludf.DUMMYFUNCTION("""COMPUTED_VALUE"""),"TUGU") -> TUGU | AG15: =IFERROR(__xludf.DUMMYFUNCTION("""COMPUTED_VALUE"""),"AKTIF ") -> AKTIF | AI15: =IFERROR(__xludf.DUMMYFUNCTION("""COMPUTED_VALUE"""),"Meremajakan MT E9330YB") -> Meremajakan MT E9330YB
A16: =IFERROR(__xludf.DUMMYFUNCTION("""COMPUTED_VALUE"""),24.0) -> 24 | B16: =IFERROR(__xludf.DUMMYFUNCTION("""COMPUTED_VALUE"""),"E9552YC") -> E9552YC | C16: =IFERROR(__xludf.DUMMYFUNCTION("""COMPUTED_VALUE"""),"8+8+8") -> 8+8+8 | D16: =IFERROR(__xludf.DUMMYFUNCTION("""COMPUTED_VALUE"""),24.0) -> 24 | E16: =IFERROR(__xludf.DUMMYFUNCTION("""COMPUTED_VALUE"""),"PT. PUSPITA CIPTA") -> PT. PUSPITA CIPTA | F16: =IFERROR(__xludf.DUMMYFUNCTION("""COMPUTED_VALUE"""),2025.0) -> 2025 | G16: =IFERROR(__xludf.DUMMYFUNCTION("""COMPUTED_VALUE"""),2025.0) -> 2025 | H16: =IFERROR(__xludf.DUMMYFUNCTION("""COMPUTED_VALUE"""),1.0) -> 1 | I16: =IFERROR(__xludf.DUMMYFUNCTION("""COMPUTED_VALUE"""),"4028T") -> 4028T | J16: =IFERROR(__xludf.DUMMYFUNCTION("""COMPUTED_VALUE"""),6374.0) -> 6374 | K16: =IFERROR(__xludf.DUMMYFUNCTION("""COMPUTED_VALUE"""),"EURO 5") -> EURO 5 | L16: =IFERROR(__xludf.DUMMYFUNCTION("""COMPUTED_VALUE"""),"Standart") -> Standart | M16: =IFERROR(__xludf.DUMMYFUNCTION("""COMPUTED_VALUE"""),"Geluran Adikarya") -> Geluran Adikarya | N16: =IFERROR(__xludf.DUMMYFUNCTION("""COMPUTED_VALUE"""),2015.0) -> 2015 | O16: =IFERROR(__xludf.DUMMYFUNCTION("""COMPUTED_VALUE"""),11.0) -> 11 | P16: =IFERROR(__xludf.DUMMYFUNCTION("""COMPUTED_VALUE"""),"AA") -> AA | Q16: =IFERROR(__xludf.DUMMYFUNCTION("""COMPUTED_VALUE"""),"MERCEDES BENZ") -> MERCEDES BENZ | R16: =IFERROR(__xludf.DUMMYFUNCTION("""COMPUTED_VALUE"""),"400953D0195229") -> 400953D0195229 | S16: =IFERROR(__xludf.DUMMYFUNCTION("""COMPUTED_VALUE"""),"MFJ400262SJ004827") -> MFJ400262SJ004827 | T16: =IFERROR(__xludf.DUMMYFUNCTION("""COMPUTED_VALUE"""),47833.0) -> 47833 | U16: =IFERROR(__xludf.DUMMYFUNCTION("""COMPUTED_VALUE"""),"Berlaku") -> Berlaku | V16: =IFERROR(__xludf.DUMMYFUNCTION("""COMPUTED_VALUE"""),46372.0) -> 46372 | W16: =IFERROR(__xludf.DUMMYFUNCTION("""COMPUTED_VALUE"""),"Berlaku") -> Berlaku | X16: =IFERROR(__xludf.DUMMYFUNCTION("""COMPUTED_VALUE"""),46332.0) -> 46332 | Y16: =IFERROR(__xludf.DUMMYFUNCTION("""COMPUTED_VALUE"""),"Akan Habis") -> Akan Habis | Z16: =IFERROR(__xludf.DUMMYFUNCTION("""COMPUTED_VALUE"""),46332.0) -> 46332 | AA16: =IFERROR(__xludf.DUMMYFUNCTION("""COMPUTED_VALUE"""),"Berlaku") -> Berlaku | AB16: =IFERROR(__xludf.DUMMYFUNCTION("""COMPUTED_VALUE"""),46814.0) -> 46814 | AC16: =IFERROR(__xludf.DUMMYFUNCTION("""COMPUTED_VALUE"""),"Berlaku") -> Berlaku | AD16: =IFERROR(__xludf.DUMMYFUNCTION("""COMPUTED_VALUE"""),46459.0) -> 46459 | AE16: =IFERROR(__xludf.DUMMYFUNCTION("""COMPUTED_VALUE"""),"Berlaku") -> Berlaku | AF16: =IFERROR(__xludf.DUMMYFUNCTION("""COMPUTED_VALUE"""),"TUGU") -> TUGU | AG16: =IFERROR(__xludf.DUMMYFUNCTION("""COMPUTED_VALUE"""),"AKTIF ") -> AKTIF | AI16: =IFERROR(__xludf.DUMMYFUNCTION("""COMPUTED_VALUE"""),"Peremajaan E9553YB") -> Peremajaan E9553YB
A17: =IFERROR(__xludf.DUMMYFUNCTION("""COMPUTED_VALUE"""),25.0) -> 25 | B17: =IFERROR(__xludf.DUMMYFUNCTION("""COMPUTED_VALUE"""),"E9554YC") -> E9554YC | C17: =IFERROR(__xludf.DUMMYFUNCTION("""COMPUTED_VALUE"""),"8+8+8") -> 8+8+8 | D17: =IFERROR(__xludf.DUMMYFUNCTION("""COMPUTED_VALUE"""),24.0) -> 24 | E17: =IFERROR(__xludf.DUMMYFUNCTION("""COMPUTED_VALUE"""),"PT. PUSPITA CIPTA") -> PT. PUSPITA CIPTA | F17: =IFERROR(__xludf.DUMMYFUNCTION("""COMPUTED_VALUE"""),2025.0) -> 2025 | G17: =IFERROR(__xludf.DUMMYFUNCTION("""COMPUTED_VALUE"""),2025.0) -> 2025 | H17: =IFERROR(__xludf.DUMMYFUNCTION("""COMPUTED_VALUE"""),1.0) -> 1 | I17: =IFERROR(__xludf.DUMMYFUNCTION("""COMPUTED_VALUE"""),"4028T") -> 4028T | J17: =IFERROR(__xludf.DUMMYFUNCTION("""COMPUTED_VALUE"""),6374.0) -> 6374 | K17: =IFERROR(__xludf.DUMMYFUNCTION("""COMPUTED_VALUE"""),"EURO 5") -> EURO 5 | L17: =IFERROR(__xludf.DUMMYFUNCTION("""COMPUTED_VALUE"""),"Standart") -> Standart | M17: =IFERROR(__xludf.DUMMYFUNCTION("""COMPUTED_VALUE"""),"Geluran Adikarya") -> Geluran Adikarya | N17: =IFERROR(__xludf.DUMMYFUNCTION("""COMPUTED_VALUE"""),2015.0) -> 2015 | O17: =IFERROR(__xludf.DUMMYFUNCTION("""COMPUTED_VALUE"""),11.0) -> 11 | P17: =IFERROR(__xludf.DUMMYFUNCTION("""COMPUTED_VALUE"""),"AA") -> AA | Q17: =IFERROR(__xludf.DUMMYFUNCTION("""COMPUTED_VALUE"""),"MERCEDES BENZ") -> MERCEDES BENZ | R17: =IFERROR(__xludf.DUMMYFUNCTION("""COMPUTED_VALUE"""),"400953D0195257") -> 400953D0195257 | S17: =IFERROR(__xludf.DUMMYFUNCTION("""COMPUTED_VALUE"""),"MFJ400262SJ004829") -> MFJ400262SJ004829 | T17: =IFERROR(__xludf.DUMMYFUNCTION("""COMPUTED_VALUE"""),47833.0) -> 47833 | U17: =IFERROR(__xludf.DUMMYFUNCTION("""COMPUTED_VALUE"""),"Berlaku") -> Berlaku | V17: =IFERROR(__xludf.DUMMYFUNCTION("""COMPUTED_VALUE"""),46372.0) -> 46372 | W17: =IFERROR(__xludf.DUMMYFUNCTION("""COMPUTED_VALUE"""),"Berlaku") -> Berlaku | X17: =IFERROR(__xludf.DUMMYFUNCTION("""COMPUTED_VALUE"""),46332.0) -> 46332 | Y17: =IFERROR(__xludf.DUMMYFUNCTION("""COMPUTED_VALUE"""),"Akan Habis") -> Akan Habis | Z17: =IFERROR(__xludf.DUMMYFUNCTION("""COMPUTED_VALUE"""),46332.0) -> 46332 | AA17: =IFERROR(__xludf.DUMMYFUNCTION("""COMPUTED_VALUE"""),"Berlaku") -> Berlaku | AB17: =IFERROR(__xludf.DUMMYFUNCTION("""COMPUTED_VALUE"""),46816.0) -> 46816 | AC17: =IFERROR(__xludf.DUMMYFUNCTION("""COMPUTED_VALUE"""),"Berlaku") -> Berlaku | AD17: =IFERROR(__xludf.DUMMYFUNCTION("""COMPUTED_VALUE"""),46459.0) -> 46459 | AE17: =IFERROR(__xludf.DUMMYFUNCTION("""COMPUTED_VALUE"""),"Berlaku") -> Berlaku | AF17: =IFERROR(__xludf.DUMMYFUNCTION("""COMPUTED_VALUE"""),"TUGU") -> TUGU | AG17: =IFERROR(__xludf.DUMMYFUNCTION("""COMPUTED_VALUE"""),"AKTIF ") -> AKTIF | AI17: =IFERROR(__xludf.DUMMYFUNCTION("""COMPUTED_VALUE"""),"Peremajaan E9557YB") -> Peremajaan E9557YB
A18: =IFERROR(__xludf.DUMMYFUNCTION("""COMPUTED_VALUE"""),26.0) -> 26 | B18: =IFERROR(__xludf.DUMMYFUNCTION("""COMPUTED_VALUE"""),"E9556YC") -> E9556YC | C18: =IFERROR(__xludf.DUMMYFUNCTION("""COMPUTED_VALUE"""),"8+8+8") -> 8+8+8 | D18: =IFERROR(__xludf.DUMMYFUNCTION("""COMPUTED_VALUE"""),24.0) -> 24 | E18: =IFERROR(__xludf.DUMMYFUNCTION("""COMPUTED_VALUE"""),"PT. PUSPITA CIPTA") -> PT. PUSPITA CIPTA | F18: =IFERROR(__xludf.DUMMYFUNCTION("""COMPUTED_VALUE"""),2025.0) -> 2025 | G18: =IFERROR(__xludf.DUMMYFUNCTION("""COMPUTED_VALUE"""),2025.0) -> 2025 | H18: =IFERROR(__xludf.DUMMYFUNCTION("""COMPUTED_VALUE"""),1.0) -> 1 | I18: =IFERROR(__xludf.DUMMYFUNCTION("""COMPUTED_VALUE"""),"4028T") -> 4028T | J18: =IFERROR(__xludf.DUMMYFUNCTION("""COMPUTED_VALUE"""),6374.0) -> 6374 | K18: =IFERROR(__xludf.DUMMYFUNCTION("""COMPUTED_VALUE"""),"EURO 5") -> EURO 5 | L18: =IFERROR(__xludf.DUMMYFUNCTION("""COMPUTED_VALUE"""),"Standart") -> Standart | M18: =IFERROR(__xludf.DUMMYFUNCTION("""COMPUTED_VALUE"""),"Geluran Adikarya") -> Geluran Adikarya | N18: =IFERROR(__xludf.DUMMYFUNCTION("""COMPUTED_VALUE"""),2015.0) -> 2015 | O18: =IFERROR(__xludf.DUMMYFUNCTION("""COMPUTED_VALUE"""),11.0) -> 11 | P18: =IFERROR(__xludf.DUMMYFUNCTION("""COMPUTED_VALUE"""),"AA") -> AA | Q18: =IFERROR(__xludf.DUMMYFUNCTION("""COMPUTED_VALUE"""),"MERCEDES BENZ") -> MERCEDES BENZ | R18: =IFERROR(__xludf.DUMMYFUNCTION("""COMPUTED_VALUE"""),"400953D0195053") -> 400953D0195053 | S18: =IFERROR(__xludf.DUMMYFUNCTION("""COMPUTED_VALUE"""),"MFJ400262SJ004770") -> MFJ400262SJ004770 | T18: =IFERROR(__xludf.DUMMYFUNCTION("""COMPUTED_VALUE"""),47833.0) -> 47833 | U18: =IFERROR(__xludf.DUMMYFUNCTION("""COMPUTED_VALUE"""),"Berlaku") -> Berlaku | V18: =IFERROR(__xludf.DUMMYFUNCTION("""COMPUTED_VALUE"""),46372.0) -> 46372 | W18: =IFERROR(__xludf.DUMMYFUNCTION("""COMPUTED_VALUE"""),"Berlaku") -> Berlaku | X18: =IFERROR(__xludf.DUMMYFUNCTION("""COMPUTED_VALUE"""),46332.0) -> 46332 | Y18: =IFERROR(__xludf.DUMMYFUNCTION("""COMPUTED_VALUE"""),"Akan Habis") -> Akan Habis | Z18: =IFERROR(__xludf.DUMMYFUNCTION("""COMPUTED_VALUE"""),46332.0) -> 46332 | AA18: =IFERROR(__xludf.DUMMYFUNCTION("""COMPUTED_VALUE"""),"Berlaku") -> Berlaku | AB18: =IFERROR(__xludf.DUMMYFUNCTION("""COMPUTED_VALUE"""),46817.0) -> 46817 | AC18: =IFERROR(__xludf.DUMMYFUNCTION("""COMPUTED_VALUE"""),"Berlaku") -> Berlaku | AD18: =IFERROR(__xludf.DUMMYFUNCTION("""COMPUTED_VALUE"""),46459.0) -> 46459 | AE18: =IFERROR(__xludf.DUMMYFUNCTION("""COMPUTED_VALUE"""),"Berlaku") -> Berlaku | AF18: =IFERROR(__xludf.DUMMYFUNCTION("""COMPUTED_VALUE"""),"TUGU") -> TUGU | AG18: =IFERROR(__xludf.DUMMYFUNCTION("""COMPUTED_VALUE"""),"AKTIF ") -> AKTIF | AI18: =IFERROR(__xludf.DUMMYFUNCTION("""COMPUTED_VALUE"""),"Peremajaan E9560YB") -> Peremajaan E9560YB
A19: =IFERROR(__xludf.DUMMYFUNCTION("""COMPUTED_VALUE"""),27.0) -> 27 | B19: =IFERROR(__xludf.DUMMYFUNCTION("""COMPUTED_VALUE"""),"E9493YC") -> E9493YC | C19: =IFERROR(__xludf.DUMMYFUNCTION("""COMPUTED_VALUE"""),"8+8+8") -> 8+8+8 | D19: =IFERROR(__xludf.DUMMYFUNCTION("""COMPUTED_VALUE"""),24.0) -> 24 | E19: =IFERROR(__xludf.DUMMYFUNCTION("""COMPUTED_VALUE"""),"PT. PUSPITA CIPTA") -> PT. PUSPITA CIPTA | F19: =IFERROR(__xludf.DUMMYFUNCTION("""COMPUTED_VALUE"""),2025.0) -> 2025 | G19: =IFERROR(__xludf.DUMMYFUNCTION("""COMPUTED_VALUE"""),2025.0) -> 2025 | H19: =IFERROR(__xludf.DUMMYFUNCTION("""COMPUTED_VALUE"""),1.0) -> 1 | I19: =IFERROR(__xludf.DUMMYFUNCTION("""COMPUTED_VALUE"""),"4028 T") -> 4028 T | J19: =IFERROR(__xludf.DUMMYFUNCTION("""COMPUTED_VALUE"""),6374.0) -> 6374 | K19: =IFERROR(__xludf.DUMMYFUNCTION("""COMPUTED_VALUE"""),"EURO 5") -> EURO 5 | L19: =IFERROR(__xludf.DUMMYFUNCTION("""COMPUTED_VALUE"""),"Standart") -> Standart | M19: =IFERROR(__xludf.DUMMYFUNCTION("""COMPUTED_VALUE"""),"Geluran Adikarya") -> Geluran Adikarya | N19: =IFERROR(__xludf.DUMMYFUNCTION("""COMPUTED_VALUE"""),2015.0) -> 2015 | O19: =IFERROR(__xludf.DUMMYFUNCTION("""COMPUTED_VALUE"""),11.0) -> 11 | P19: =IFERROR(__xludf.DUMMYFUNCTION("""COMPUTED_VALUE"""),"AA") -> AA | Q19: =IFERROR(__xludf.DUMMYFUNCTION("""COMPUTED_VALUE"""),"MERCEDES BENZ") -> MERCEDES BENZ | R19: =IFERROR(__xludf.DUMMYFUNCTION("""COMPUTED_VALUE"""),"400953D0177908") -> 400953D0177908 | S19: =IFERROR(__xludf.DUMMYFUNCTION("""COMPUTED_VALUE"""),"MFJ400262SJ004431") -> MFJ400262SJ004431 | T19: =IFERROR(__xludf.DUMMYFUNCTION("""COMPUTED_VALUE"""),47625.0) -> 47625 | U19: =IFERROR(__xludf.DUMMYFUNCTION("""COMPUTED_VALUE"""),"Berlaku") -> Berlaku | V19: =IFERROR(__xludf.DUMMYFUNCTION("""COMPUTED_VALUE"""),46529.0) -> 46529 | W19: =IFERROR(__xludf.DUMMYFUNCTION("""COMPUTED_VALUE"""),"Berlaku") -> Berlaku | X19: =IFERROR(__xludf.DUMMYFUNCTION("""COMPUTED_VALUE"""),46331.0) -> 46331 | Y19: =IFERROR(__xludf.DUMMYFUNCTION("""COMPUTED_VALUE"""),"Akan Habis") -> Akan Habis | Z19: =IFERROR(__xludf.DUMMYFUNCTION("""COMPUTED_VALUE"""),46331.0) -> 46331 | AA19: =IFERROR(__xludf.DUMMYFUNCTION("""COMPUTED_VALUE"""),"Berlaku") -> Berlaku | AB19: =IFERROR(__xludf.DUMMYFUNCTION("""COMPUTED_VALUE"""),46571.0) -> 46571 | AC19: =IFERROR(__xludf.DUMMYFUNCTION("""COMPUTED_VALUE"""),"Berlaku") -> Berlaku | AD19: =IFERROR(__xludf.DUMMYFUNCTION("""COMPUTED_VALUE"""),46340.0) -> 46340 | AE19: =IFERROR(__xludf.DUMMYFUNCTION("""COMPUTED_VALUE"""),"Berlaku") -> Berlaku | AF19: =IFERROR(__xludf.DUMMYFUNCTION("""COMPUTED_VALUE"""),"TUGU") -> TUGU | AG19: =IFERROR(__xludf.DUMMYFUNCTION("""COMPUTED_VALUE"""),"AKTIF ") -> AKTIF | AI19: =IFERROR(__xludf.DUMMYFUNCTION("""COMPUTED_VALUE"""),"Meremajakan MT E9389YB") -> Meremajakan MT E9389YB
A20: =IFERROR(__xludf.DUMMYFUNCTION("""COMPUTED_VALUE"""),29.0) -> 29 | B20: =IFERROR(__xludf.DUMMYFUNCTION("""COMPUTED_VALUE"""),"E9496YC") -> E9496YC | C20: =IFERROR(__xludf.DUMMYFUNCTION("""COMPUTED_VALUE"""),"8+8+8") -> 8+8+8 | D20: =IFERROR(__xludf.DUMMYFUNCTION("""COMPUTED_VALUE"""),24.0) -> 24 | E20: =IFERROR(__xludf.DUMMYFUNCTION("""COMPUTED_VALUE"""),"PT. PUSPITA CIPTA") -> PT. PUSPITA CIPTA | F20: =IFERROR(__xludf.DUMMYFUNCTION("""COMPUTED_VALUE"""),2025.0) -> 2025 | G20: =IFERROR(__xludf.DUMMYFUNCTION("""COMPUTED_VALUE"""),2025.0) -> 2025 | H20: =IFERROR(__xludf.DUMMYFUNCTION("""COMPUTED_VALUE"""),1.0) -> 1 | I20: =IFERROR(__xludf.DUMMYFUNCTION("""COMPUTED_VALUE"""),"4028 T") -> 4028 T | J20: =IFERROR(__xludf.DUMMYFUNCTION("""COMPUTED_VALUE"""),6374.0) -> 6374 | K20: =IFERROR(__xludf.DUMMYFUNCTION("""COMPUTED_VALUE"""),"EURO 5") -> EURO 5 | L20: =IFERROR(__xludf.DUMMYFUNCTION("""COMPUTED_VALUE"""),"Standart") -> Standart | M20: =IFERROR(__xludf.DUMMYFUNCTION("""COMPUTED_VALUE"""),"Geluran Adikarya") -> Geluran Adikarya | N20: =IFERROR(__xludf.DUMMYFUNCTION("""COMPUTED_VALUE"""),2015.0) -> 2015 | O20: =IFERROR(__xludf.DUMMYFUNCTION("""COMPUTED_VALUE"""),11.0) -> 11 | P20: =IFERROR(__xludf.DUMMYFUNCTION("""COMPUTED_VALUE"""),"AA") -> AA | Q20: =IFERROR(__xludf.DUMMYFUNCTION("""COMPUTED_VALUE"""),"MERCEDES BENZ") -> MERCEDES BENZ | R20: =IFERROR(__xludf.DUMMYFUNCTION("""COMPUTED_VALUE"""),"400953DO177878") -> 400953DO177878 | S20: =IFERROR(__xludf.DUMMYFUNCTION("""COMPUTED_VALUE"""),"MFJ400262SJ004429") -> MFJ400262SJ004429 | T20: =IFERROR(__xludf.DUMMYFUNCTION("""COMPUTED_VALUE"""),47625.0) -> 47625 | U20: =IFERROR(__xludf.DUMMYFUNCTION("""COMPUTED_VALUE"""),"Berlaku") -> Berlaku | V20: =IFERROR(__xludf.DUMMYFUNCTION("""COMPUTED_VALUE"""),46529.0) -> 46529 | W20: =IFERROR(__xludf.DUMMYFUNCTION("""COMPUTED_VALUE"""),"Berlaku") -> Berlaku | X20: =IFERROR(__xludf.DUMMYFUNCTION("""COMPUTED_VALUE"""),46331.0) -> 46331 | Y20: =IFERROR(__xludf.DUMMYFUNCTION("""COMPUTED_VALUE"""),"Akan Habis") -> Akan Habis | Z20: =IFERROR(__xludf.DUMMYFUNCTION("""COMPUTED_VALUE"""),46331.0) -> 46331 | AA20: =IFERROR(__xludf.DUMMYFUNCTION("""COMPUTED_VALUE"""),"Berlaku") -> Berlaku | AB20: =IFERROR(__xludf.DUMMYFUNCTION("""COMPUTED_VALUE"""),46570.0) -> 46570 | AC20: =IFERROR(__xludf.DUMMYFUNCTION("""COMPUTED_VALUE"""),"Berlaku") -> Berlaku | AD20: =IFERROR(__xludf.DUMMYFUNCTION("""COMPUTED_VALUE"""),46340.0) -> 46340 | AE20: =IFERROR(__xludf.DUMMYFUNCTION("""COMPUTED_VALUE"""),"Berlaku") -> Berlaku | AF20: =IFERROR(__xludf.DUMMYFUNCTION("""COMPUTED_VALUE"""),"TUGU") -> TUGU | AG20: =IFERROR(__xludf.DUMMYFUNCTION("""COMPUTED_VALUE"""),"AKTIF ") -> AKTIF | AI20: =IFERROR(__xludf.DUMMYFUNCTION("""COMPUTED_VALUE"""),"Meremajakan MT E9391YB") -> Meremajakan MT E9391YB
A21: =IFERROR(__xludf.DUMMYFUNCTION("""COMPUTED_VALUE"""),30.0) -> 30 | B21: =IFERROR(__xludf.DUMMYFUNCTION("""COMPUTED_VALUE"""),"E9512YC") -> E9512YC | C21: =IFERROR(__xludf.DUMMYFUNCTION("""COMPUTED_VALUE"""),"8+8+8") -> 8+8+8 | D21: =IFERROR(__xludf.DUMMYFUNCTION("""COMPUTED_VALUE"""),24.0) -> 24 | E21: =IFERROR(__xludf.DUMMYFUNCTION("""COMPUTED_VALUE"""),"PT. PUSPITA CIPTA") -> PT. PUSPITA CIPTA | F21: =IFERROR(__xludf.DUMMYFUNCTION("""COMPUTED_VALUE"""),2025.0) -> 2025 | G21: =IFERROR(__xludf.DUMMYFUNCTION("""COMPUTED_VALUE"""),2025.0) -> 2025 | H21: =IFERROR(__xludf.DUMMYFUNCTION("""COMPUTED_VALUE"""),1.0) -> 1 | I21: =IFERROR(__xludf.DUMMYFUNCTION("""COMPUTED_VALUE"""),"4028 T") -> 4028 T | J21: =IFERROR(__xludf.DUMMYFUNCTION("""COMPUTED_VALUE"""),6374.0) -> 6374 | K21: =IFERROR(__xludf.DUMMYFUNCTION("""COMPUTED_VALUE"""),"EURO 5") -> EURO 5 | L21: =IFERROR(__xludf.DUMMYFUNCTION("""COMPUTED_VALUE"""),"Standart") -> Standart | M21: =IFERROR(__xludf.DUMMYFUNCTION("""COMPUTED_VALUE"""),"Geluran Adikarya") -> Geluran Adikarya | N21: =IFERROR(__xludf.DUMMYFUNCTION("""COMPUTED_VALUE"""),2015.0) -> 2015 | O21: =IFERROR(__xludf.DUMMYFUNCTION("""COMPUTED_VALUE"""),11.0) -> 11 | P21: =IFERROR(__xludf.DUMMYFUNCTION("""COMPUTED_VALUE"""),"AA") -> AA | Q21: =IFERROR(__xludf.DUMMYFUNCTION("""COMPUTED_VALUE"""),"MERCEDES BENZ") -> MERCEDES BENZ | R21: =IFERROR(__xludf.DUMMYFUNCTION("""COMPUTED_VALUE"""),"400963001792246") -> 400963001792246 | S21: =IFERROR(__xludf.DUMMYFUNCTION("""COMPUTED_VALUE"""),"MFJ400262SJ004440") -> MFJ400262SJ004440 | T21: =IFERROR(__xludf.DUMMYFUNCTION("""COMPUTED_VALUE"""),47716.0) -> 47716 | U21: =IFERROR(__xludf.DUMMYFUNCTION("""COMPUTED_VALUE"""),"Berlaku") -> Berlaku | V21: =IFERROR(__xludf.DUMMYFUNCTION("""COMPUTED_VALUE"""),46620.0) -> 46620 | W21: =IFERROR(__xludf.DUMMYFUNCTION("""COMPUTED_VALUE"""),"Berlaku") -> Berlaku | X21: =IFERROR(__xludf.DUMMYFUNCTION("""COMPUTED_VALUE"""),46311.0) -> 46311 | Y21: =IFERROR(__xludf.DUMMYFUNCTION("""COMPUTED_VALUE"""),"Akan Habis") -> Akan Habis | Z21: =IFERROR(__xludf.DUMMYFUNCTION("""COMPUTED_VALUE"""),46311.0) -> 46311 | AA21: =IFERROR(__xludf.DUMMYFUNCTION("""COMPUTED_VALUE"""),"Akan Habis") -> Akan Habis | AB21: =IFERROR(__xludf.DUMMYFUNCTION("""COMPUTED_VALUE"""),46688.0) -> 46688 | AC21: =IFERROR(__xludf.DUMMYFUNCTION("""COMPUTED_VALUE"""),"Berlaku") -> Berlaku | AD21: =IFERROR(__xludf.DUMMYFUNCTION("""COMPUTED_VALUE"""),46332.0) -> 46332 | AE21: =IFERROR(__xludf.DUMMYFUNCTION("""COMPUTED_VALUE"""),"Berlaku") -> Berlaku | AF21: =IFERROR(__xludf.DUMMYFUNCTION("""COMPUTED_VALUE"""),"TUGU") -> TUGU | AG21: =IFERROR(__xludf.DUMMYFUNCTION("""COMPUTED_VALUE"""),"AKTIF ") -> AKTIF | AI21: =IFERROR(__xludf.DUMMYFUNCTION("""COMPUTED_VALUE"""),"Meremajakan MT E9446YB") -> Meremajakan MT E9446YB
A22: =IFERROR(__xludf.DUMMYFUNCTION("""COMPUTED_VALUE"""),31.0) -> 31 | B22: =IFERROR(__xludf.DUMMYFUNCTION("""COMPUTED_VALUE"""),"E9535YC") -> E9535YC | C22: =IFERROR(__xludf.DUMMYFUNCTION("""COMPUTED_VALUE"""),"8+8+8") -> 8+8+8 | D22: =IFERROR(__xludf.DUMMYFUNCTION("""COMPUTED_VALUE"""),24.0) -> 24 | E22: =IFERROR(__xludf.DUMMYFUNCTION("""COMPUTED_VALUE"""),"PT. PUSPITA CIPTA") -> PT. PUSPITA CIPTA | F22: =IFERROR(__xludf.DUMMYFUNCTION("""COMPUTED_VALUE"""),2025.0) -> 2025 | G22: =IFERROR(__xludf.DUMMYFUNCTION("""COMPUTED_VALUE"""),2025.0) -> 2025 | H22: =IFERROR(__xludf.DUMMYFUNCTION("""COMPUTED_VALUE"""),1.0) -> 1 | I22: =IFERROR(__xludf.DUMMYFUNCTION("""COMPUTED_VALUE"""),"4028 T") -> 4028 T | J22: =IFERROR(__xludf.DUMMYFUNCTION("""COMPUTED_VALUE"""),6374.0) -> 6374 | K22: =IFERROR(__xludf.DUMMYFUNCTION("""COMPUTED_VALUE"""),"EURO 5") -> EURO 5 | L22: =IFERROR(__xludf.DUMMYFUNCTION("""COMPUTED_VALUE"""),"Standart") -> Standart | M22: =IFERROR(__xludf.DUMMYFUNCTION("""COMPUTED_VALUE"""),"Geluran Adikarya") -> Geluran Adikarya | N22: =IFERROR(__xludf.DUMMYFUNCTION("""COMPUTED_VALUE"""),2014.0) -> 2014 | O22: =IFERROR(__xludf.DUMMYFUNCTION("""COMPUTED_VALUE"""),12.0) -> 12 | P22: =IFERROR(__xludf.DUMMYFUNCTION("""COMPUTED_VALUE"""),"AA") -> AA | Q22: =IFERROR(__xludf.DUMMYFUNCTION("""COMPUTED_VALUE"""),"MERCEDES BENZ") -> MERCEDES BENZ | R22: =IFERROR(__xludf.DUMMYFUNCTION("""COMPUTED_VALUE"""),"400953D0179262") -> 400953D0179262 | S22: =IFERROR(__xludf.DUMMYFUNCTION("""COMPUTED_VALUE"""),"MFJ400262SJ004445") -> MFJ400262SJ004445 | T22: =IFERROR(__xludf.DUMMYFUNCTION("""COMPUTED_VALUE"""),47779.0) -> 47779 | U22: =IFERROR(__xludf.DUMMYFUNCTION("""COMPUTED_VALUE"""),"Berlaku") -> Berlaku | V22: =IFERROR(__xludf.DUMMYFUNCTION("""COMPUTED_VALUE"""),46318.0) -> 46318 | W22: =IFERROR(__xludf.DUMMYFUNCTION("""COMPUTED_VALUE"""),"Akan Habis") -> Akan Habis | X22: =IFERROR(__xludf.DUMMYFUNCTION("""COMPUTED_VALUE"""),46337.0) -> 46337 | Y22: =IFERROR(__xludf.DUMMYFUNCTION("""COMPUTED_VALUE"""),"Akan Habis") -> Akan Habis | Z22: =IFERROR(__xludf.DUMMYFUNCTION("""COMPUTED_VALUE"""),46337.0) -> 46337 | AA22: =IFERROR(__xludf.DUMMYFUNCTION("""COMPUTED_VALUE"""),"Berlaku") -> Berlaku | AB22: =IFERROR(__xludf.DUMMYFUNCTION("""COMPUTED_VALUE"""),46719.0) -> 46719 | AC22: =IFERROR(__xludf.DUMMYFUNCTION("""COMPUTED_VALUE"""),"Berlaku") -> Berlaku | AD22: =IFERROR(__xludf.DUMMYFUNCTION("""COMPUTED_VALUE"""),46373.0) -> 46373 | AE22: =IFERROR(__xludf.DUMMYFUNCTION("""COMPUTED_VALUE"""),"Berlaku") -> Berlaku | AF22: =IFERROR(__xludf.DUMMYFUNCTION("""COMPUTED_VALUE"""),"TUGU") -> TUGU | AG22: =IFERROR(__xludf.DUMMYFUNCTION("""COMPUTED_VALUE"""),"AKTIF ") -> AKTIF | AI22: =IFERROR(__xludf.DUMMYFUNCTION("""COMPUTED_VALUE"""),"Meremajakan MT E9452YB") -> Meremajakan MT E9452YB
A23: =IFERROR(__xludf.DUMMYFUNCTION("""COMPUTED_VALUE"""),32.0) -> 32 | B23: =IFERROR(__xludf.DUMMYFUNCTION("""COMPUTED_VALUE"""),"E9536YC") -> E9536YC | C23: =IFERROR(__xludf.DUMMYFUNCTION("""COMPUTED_VALUE"""),"8+8+8") -> 8+8+8 | D23: =IFERROR(__xludf.DUMMYFUNCTION("""COMPUTED_VALUE"""),24.0) -> 24 | E23: =IFERROR(__xludf.DUMMYFUNCTION("""COMPUTED_VALUE"""),"PT. PUSPITA CIPTA") -> PT. PUSPITA CIPTA | F23: =IFERROR(__xludf.DUMMYFUNCTION("""COMPUTED_VALUE"""),2025.0) -> 2025 | G23: =IFERROR(__xludf.DUMMYFUNCTION("""COMPUTED_VALUE"""),2025.0) -> 2025 | H23: =IFERROR(__xludf.DUMMYFUNCTION("""COMPUTED_VALUE"""),1.0) -> 1 | I23: =IFERROR(__xludf.DUMMYFUNCTION("""COMPUTED_VALUE"""),"4028 T") -> 4028 T | J23: =IFERROR(__xludf.DUMMYFUNCTION("""COMPUTED_VALUE"""),6374.0) -> 6374 | K23: =IFERROR(__xludf.DUMMYFUNCTION("""COMPUTED_VALUE"""),"EURO 5") -> EURO 5 | L23: =IFERROR(__xludf.DUMMYFUNCTION("""COMPUTED_VALUE"""),"Standart") -> Standart | M23: =IFERROR(__xludf.DUMMYFUNCTION("""COMPUTED_VALUE"""),"Geluran Adikarya") -> Geluran Adikarya | N23: =IFERROR(__xludf.DUMMYFUNCTION("""COMPUTED_VALUE"""),2015.0) -> 2015 | O23: =IFERROR(__xludf.DUMMYFUNCTION("""COMPUTED_VALUE"""),11.0) -> 11 | P23: =IFERROR(__xludf.DUMMYFUNCTION("""COMPUTED_VALUE"""),"AA") -> AA | Q23: =IFERROR(__xludf.DUMMYFUNCTION("""COMPUTED_VALUE"""),"MERCEDES BENZ") -> MERCEDES BENZ | R23: =IFERROR(__xludf.DUMMYFUNCTION("""COMPUTED_VALUE"""),"400953D0176070") -> 400953D0176070 | S23: =IFERROR(__xludf.DUMMYFUNCTION("""COMPUTED_VALUE"""),"MFJ400262SJ004451") -> MFJ400262SJ004451 | T23: =IFERROR(__xludf.DUMMYFUNCTION("""COMPUTED_VALUE"""),47779.0) -> 47779 | U23: =IFERROR(__xludf.DUMMYFUNCTION("""COMPUTED_VALUE"""),"Berlaku") -> Berlaku | V23: =IFERROR(__xludf.DUMMYFUNCTION("""COMPUTED_VALUE"""),46318.0) -> 46318 | W23: =IFERROR(__xludf.DUMMYFUNCTION("""COMPUTED_VALUE"""),"Akan Habis") -> Akan Habis | X23: =IFERROR(__xludf.DUMMYFUNCTION("""COMPUTED_VALUE"""),46337.0) -> 46337 | Y23: =IFERROR(__xludf.DUMMYFUNCTION("""COMPUTED_VALUE"""),"Akan Habis") -> Akan Habis | Z23: =IFERROR(__xludf.DUMMYFUNCTION("""COMPUTED_VALUE"""),46337.0) -> 46337 | AA23: =IFERROR(__xludf.DUMMYFUNCTION("""COMPUTED_VALUE"""),"Berlaku") -> Berlaku | AB23: =IFERROR(__xludf.DUMMYFUNCTION("""COMPUTED_VALUE"""),46717.0) -> 46717 | AC23: =IFERROR(__xludf.DUMMYFUNCTION("""COMPUTED_VALUE"""),"Berlaku") -> Berlaku | AD23: =IFERROR(__xludf.DUMMYFUNCTION("""COMPUTED_VALUE"""),46373.0) -> 46373 | AE23: =IFERROR(__xludf.DUMMYFUNCTION("""COMPUTED_VALUE"""),"Berlaku") -> Berlaku | AF23: =IFERROR(__xludf.DUMMYFUNCTION("""COMPUTED_VALUE"""),"TUGU") -> TUGU | AG23: =IFERROR(__xludf.DUMMYFUNCTION("""COMPUTED_VALUE"""),"AKTIF ") -> AKTIF | AI23: =IFERROR(__xludf.DUMMYFUNCTION("""COMPUTED_VALUE"""),"Meremajakan MT E9453YB") -> Meremajakan MT E9453YB
A24: =IFERROR(__xludf.DUMMYFUNCTION("""COMPUTED_VALUE"""),33.0) -> 33 | B24: =IFERROR(__xludf.DUMMYFUNCTION("""COMPUTED_VALUE"""),"E9537YC") -> E9537YC | C24: =IFERROR(__xludf.DUMMYFUNCTION("""COMPUTED_VALUE"""),"8+8+8") -> 8+8+8 | D24: =IFERROR(__xludf.DUMMYFUNCTION("""COMPUTED_VALUE"""),24.0) -> 24 | E24: =IFERROR(__xludf.DUMMYFUNCTION("""COMPUTED_VALUE"""),"PT. PUSPITA CIPTA") -> PT. PUSPITA CIPTA | F24: =IFERROR(__xludf.DUMMYFUNCTION("""COMPUTED_VALUE"""),2025.0) -> 2025 | G24: =IFERROR(__xludf.DUMMYFUNCTION("""COMPUTED_VALUE"""),2025.0) -> 2025 | H24: =IFERROR(__xludf.DUMMYFUNCTION("""COMPUTED_VALUE"""),1.0) -> 1 | I24: =IFERROR(__xludf.DUMMYFUNCTION("""COMPUTED_VALUE"""),"4028 T") -> 4028 T | J24: =IFERROR(__xludf.DUMMYFUNCTION("""COMPUTED_VALUE"""),6374.0) -> 6374 | K24: =IFERROR(__xludf.DUMMYFUNCTION("""COMPUTED_VALUE"""),"EURO 5") -> EURO 5 | L24: =IFERROR(__xludf.DUMMYFUNCTION("""COMPUTED_VALUE"""),"Standart") -> Standart | M24: =IFERROR(__xludf.DUMMYFUNCTION("""COMPUTED_VALUE"""),"Geluran Adikarya") -> Geluran Adikarya | N24: =IFERROR(__xludf.DUMMYFUNCTION("""COMPUTED_VALUE"""),2015.0) -> 2015 | O24: =IFERROR(__xludf.DUMMYFUNCTION("""COMPUTED_VALUE"""),11.0) -> 11 | P24: =IFERROR(__xludf.DUMMYFUNCTION("""COMPUTED_VALUE"""),"AA") -> AA | Q24: =IFERROR(__xludf.DUMMYFUNCTION("""COMPUTED_VALUE"""),"MERCEDES BENZ") -> MERCEDES BENZ | R24: =IFERROR(__xludf.DUMMYFUNCTION("""COMPUTED_VALUE"""),"400953D0179282") -> 400953D0179282 | S24: =IFERROR(__xludf.DUMMYFUNCTION("""COMPUTED_VALUE"""),"MFJ400262SJ004442") -> MFJ400262SJ004442 | T24: =IFERROR(__xludf.DUMMYFUNCTION("""COMPUTED_VALUE"""),47779.0) -> 47779 | U24: =IFERROR(__xludf.DUMMYFUNCTION("""COMPUTED_VALUE"""),"Berlaku") -> Berlaku | V24: =IFERROR(__xludf.DUMMYFUNCTION("""COMPUTED_VALUE"""),46318.0) -> 46318 | W24: =IFERROR(__xludf.DUMMYFUNCTION("""COMPUTED_VALUE"""),"Akan Habis") -> Akan Habis | X24: =IFERROR(__xludf.DUMMYFUNCTION("""COMPUTED_VALUE"""),46337.0) -> 46337 | Y24: =IFERROR(__xludf.DUMMYFUNCTION("""COMPUTED_VALUE"""),"Akan Habis") -> Akan Habis | Z24: =IFERROR(__xludf.DUMMYFUNCTION("""COMPUTED_VALUE"""),46337.0) -> 46337 | AA24: =IFERROR(__xludf.DUMMYFUNCTION("""COMPUTED_VALUE"""),"Berlaku") -> Berlaku | AB24: =IFERROR(__xludf.DUMMYFUNCTION("""COMPUTED_VALUE"""),46718.0) -> 46718 | AC24: =IFERROR(__xludf.DUMMYFUNCTION("""COMPUTED_VALUE"""),"Berlaku") -> Berlaku | AD24: =IFERROR(__xludf.DUMMYFUNCTION("""COMPUTED_VALUE"""),46373.0) -> 46373 | AE24: =IFERROR(__xludf.DUMMYFUNCTION("""COMPUTED_VALUE"""),"Berlaku") -> Berlaku | AF24: =IFERROR(__xludf.DUMMYFUNCTION("""COMPUTED_VALUE"""),"TUGU") -> TUGU | AG24: =IFERROR(__xludf.DUMMYFUNCTION("""COMPUTED_VALUE"""),"AKTIF ") -> AKTIF | AI24: =IFERROR(__xludf.DUMMYFUNCTION("""COMPUTED_VALUE"""),"Meremajakan MT E9454YB") -> Meremajakan MT E9454YB
A25: =IFERROR(__xludf.DUMMYFUNCTION("""COMPUTED_VALUE"""),34.0) -> 34 | B25: =IFERROR(__xludf.DUMMYFUNCTION("""COMPUTED_VALUE"""),"E9542YC") -> E9542YC | C25: =IFERROR(__xludf.DUMMYFUNCTION("""COMPUTED_VALUE"""),"8+8+8") -> 8+8+8 | D25: =IFERROR(__xludf.DUMMYFUNCTION("""COMPUTED_VALUE"""),24.0) -> 24 | E25: =IFERROR(__xludf.DUMMYFUNCTION("""COMPUTED_VALUE"""),"PT. PUSPITA CIPTA") -> PT. PUSPITA CIPTA | F25: =IFERROR(__xludf.DUMMYFUNCTION("""COMPUTED_VALUE"""),2025.0) -> 2025 | G25: =IFERROR(__xludf.DUMMYFUNCTION("""COMPUTED_VALUE"""),2025.0) -> 2025 | H25: =IFERROR(__xludf.DUMMYFUNCTION("""COMPUTED_VALUE"""),1.0) -> 1 | I25: =IFERROR(__xludf.DUMMYFUNCTION("""COMPUTED_VALUE"""),"4028 T") -> 4028 T | J25: =IFERROR(__xludf.DUMMYFUNCTION("""COMPUTED_VALUE"""),6374.0) -> 6374 | K25: =IFERROR(__xludf.DUMMYFUNCTION("""COMPUTED_VALUE"""),"EURO 5") -> EURO 5 | L25: =IFERROR(__xludf.DUMMYFUNCTION("""COMPUTED_VALUE"""),"Standart") -> Standart | M25: =IFERROR(__xludf.DUMMYFUNCTION("""COMPUTED_VALUE"""),"Geluran Adikarya") -> Geluran Adikarya | N25: =IFERROR(__xludf.DUMMYFUNCTION("""COMPUTED_VALUE"""),2015.0) -> 2015 | O25: =IFERROR(__xludf.DUMMYFUNCTION("""COMPUTED_VALUE"""),11.0) -> 11 | P25: =IFERROR(__xludf.DUMMYFUNCTION("""COMPUTED_VALUE"""),"AA") -> AA | Q25: =IFERROR(__xludf.DUMMYFUNCTION("""COMPUTED_VALUE"""),"MERCEDES BENZ") -> MERCEDES BENZ | R25: =IFERROR(__xludf.DUMMYFUNCTION("""COMPUTED_VALUE"""),"40095300195040") -> 40095300195040 | S25: =IFERROR(__xludf.DUMMYFUNCTION("""COMPUTED_VALUE"""),"MFJ400262SJ004768") -> MFJ400262SJ004768 | T25: =IFERROR(__xludf.DUMMYFUNCTION("""COMPUTED_VALUE"""),47801.0) -> 47801 | U25: =IFERROR(__xludf.DUMMYFUNCTION("""COMPUTED_VALUE"""),"Berlaku") -> Berlaku | V25: =IFERROR(__xludf.DUMMYFUNCTION("""COMPUTED_VALUE"""),46340.0) -> 46340 | W25: =IFERROR(__xludf.DUMMYFUNCTION("""COMPUTED_VALUE"""),"Akan Habis") -> Akan Habis | X25: =IFERROR(__xludf.DUMMYFUNCTION("""COMPUTED_VALUE"""),46337.0) -> 46337 | Y25: =IFERROR(__xludf.DUMMYFUNCTION("""COMPUTED_VALUE"""),"Akan Habis") -> Akan Habis | Z25: =IFERROR(__xludf.DUMMYFUNCTION("""COMPUTED_VALUE"""),46337.0) -> 46337 | AA25: =IFERROR(__xludf.DUMMYFUNCTION("""COMPUTED_VALUE"""),"Berlaku") -> Berlaku | AB25: =IFERROR(__xludf.DUMMYFUNCTION("""COMPUTED_VALUE"""),46723.0) -> 46723 | AC25: =IFERROR(__xludf.DUMMYFUNCTION("""COMPUTED_VALUE"""),"Berlaku") -> Berlaku | AD25: =IFERROR(__xludf.DUMMYFUNCTION("""COMPUTED_VALUE"""),46374.0) -> 46374 | AE25: =IFERROR(__xludf.DUMMYFUNCTION("""COMPUTED_VALUE"""),"Berlaku") -> Berlaku | AF25: =IFERROR(__xludf.DUMMYFUNCTION("""COMPUTED_VALUE"""),"TUGU") -> TUGU | AG25: =IFERROR(__xludf.DUMMYFUNCTION("""COMPUTED_VALUE"""),"AKTIF ") -> AKTIF | AI25: =IFERROR(__xludf.DUMMYFUNCTION("""COMPUTED_VALUE"""),"Meremajakan MT E9456YB") -> Meremajakan MT E9456YB
A26: =IFERROR(__xludf.DUMMYFUNCTION("""COMPUTED_VALUE"""),35.0) -> 35 | B26: =IFERROR(__xludf.DUMMYFUNCTION("""COMPUTED_VALUE"""),"E9547YC") -> E9547YC | C26: =IFERROR(__xludf.DUMMYFUNCTION("""COMPUTED_VALUE"""),"8+8+8") -> 8+8+8 | D26: =IFERROR(__xludf.DUMMYFUNCTION("""COMPUTED_VALUE"""),24.0) -> 24 | E26: =IFERROR(__xludf.DUMMYFUNCTION("""COMPUTED_VALUE"""),"PT. PUSPITA CIPTA") -> PT. PUSPITA CIPTA | F26: =IFERROR(__xludf.DUMMYFUNCTION("""COMPUTED_VALUE"""),2025.0) -> 2025 | G26: =IFERROR(__xludf.DUMMYFUNCTION("""COMPUTED_VALUE"""),2025.0) -> 2025 | H26: =IFERROR(__xludf.DUMMYFUNCTION("""COMPUTED_VALUE"""),1.0) -> 1 | I26: =IFERROR(__xludf.DUMMYFUNCTION("""COMPUTED_VALUE"""),"4028 T") -> 4028 T | J26: =IFERROR(__xludf.DUMMYFUNCTION("""COMPUTED_VALUE"""),6374.0) -> 6374 | K26: =IFERROR(__xludf.DUMMYFUNCTION("""COMPUTED_VALUE"""),"EURO 5") -> EURO 5 | L26: =IFERROR(__xludf.DUMMYFUNCTION("""COMPUTED_VALUE"""),"Standart") -> Standart | M26: =IFERROR(__xludf.DUMMYFUNCTION("""COMPUTED_VALUE"""),"Geluran Adikarya") -> Geluran Adikarya | N26: =IFERROR(__xludf.DUMMYFUNCTION("""COMPUTED_VALUE"""),2015.0) -> 2015 | O26: =IFERROR(__xludf.DUMMYFUNCTION("""COMPUTED_VALUE"""),11.0) -> 11 | P26: =IFERROR(__xludf.DUMMYFUNCTION("""COMPUTED_VALUE"""),"AA") -> AA | Q26: =IFERROR(__xludf.DUMMYFUNCTION("""COMPUTED_VALUE"""),"MERCEDES BENZ") -> MERCEDES BENZ | R26: =IFERROR(__xludf.DUMMYFUNCTION("""COMPUTED_VALUE"""),"400953D0195081") -> 400953D0195081 | S26: =IFERROR(__xludf.DUMMYFUNCTION("""COMPUTED_VALUE"""),"MFJ400262SJ004774") -> MFJ400262SJ004774 | T26: =IFERROR(__xludf.DUMMYFUNCTION("""COMPUTED_VALUE"""),47801.0) -> 47801 | U26: =IFERROR(__xludf.DUMMYFUNCTION("""COMPUTED_VALUE"""),"Berlaku") -> Berlaku | V26: =IFERROR(__xludf.DUMMYFUNCTION("""COMPUTED_VALUE"""),46340.0) -> 46340 | W26: =IFERROR(__xludf.DUMMYFUNCTION("""COMPUTED_VALUE"""),"Akan Habis") -> Akan Habis | X26: =IFERROR(__xludf.DUMMYFUNCTION("""COMPUTED_VALUE"""),46337.0) -> 46337 | Y26: =IFERROR(__xludf.DUMMYFUNCTION("""COMPUTED_VALUE"""),"Akan Habis") -> Akan Habis | Z26: =IFERROR(__xludf.DUMMYFUNCTION("""COMPUTED_VALUE"""),46337.0) -> 46337 | AA26: =IFERROR(__xludf.DUMMYFUNCTION("""COMPUTED_VALUE"""),"Berlaku") -> Berlaku | AB26: =IFERROR(__xludf.DUMMYFUNCTION("""COMPUTED_VALUE"""),46724.0) -> 46724 | AC26: =IFERROR(__xludf.DUMMYFUNCTION("""COMPUTED_VALUE"""),"Berlaku") -> Berlaku | AD26: =IFERROR(__xludf.DUMMYFUNCTION("""COMPUTED_VALUE"""),46374.0) -> 46374 | AE26: =IFERROR(__xludf.DUMMYFUNCTION("""COMPUTED_VALUE"""),"Berlaku") -> Berlaku | AF26: =IFERROR(__xludf.DUMMYFUNCTION("""COMPUTED_VALUE"""),"TUGU") -> TUGU | AG26: =IFERROR(__xludf.DUMMYFUNCTION("""COMPUTED_VALUE"""),"AKTIF ") -> AKTIF | AI26: =IFERROR(__xludf.DUMMYFUNCTION("""COMPUTED_VALUE"""),"Meremajakan MT E9457YB") -> Meremajakan MT E9457YB
A27: =IFERROR(__xludf.DUMMYFUNCTION("""COMPUTED_VALUE"""),37.0) -> 37 | B27: =IFERROR(__xludf.DUMMYFUNCTION("""COMPUTED_VALUE"""),"N9086UI") -> N9086UI | C27: =IFERROR(__xludf.DUMMYFUNCTION("""COMPUTED_VALUE"""),"8+8") -> 8+8 | D27: =IFERROR(__xludf.DUMMYFUNCTION("""COMPUTED_VALUE"""),16.0) -> 16 | E27: =IFERROR(__xludf.DUMMYFUNCTION("""COMPUTED_VALUE"""),"PT. SINAR WAHANA SURYA") -> PT. SINAR WAHANA SURYA | F27: =IFERROR(__xludf.DUMMYFUNCTION("""COMPUTED_VALUE"""),2022.0) -> 2022 | G27: =IFERROR(__xludf.DUMMYFUNCTION("""COMPUTED_VALUE"""),2023.0) -> 2023 | H27: =IFERROR(__xludf.DUMMYFUNCTION("""COMPUTED_VALUE"""),4.0) -> 4 | I27: =IFERROR(__xludf.DUMMYFUNCTION("""COMPUTED_VALUE"""),"CDE 250 6X2R WB4300MM E5 ABS M/T") -> CDE 250 6X2R WB4300MM E5 ABS M/T | J27: =IFERROR(__xludf.DUMMYFUNCTION("""COMPUTED_VALUE"""),7698.0) -> 7698 | K27: =IFERROR(__xludf.DUMMYFUNCTION("""COMPUTED_VALUE"""),"EURO 5") -> EURO 5 | L27: =IFERROR(__xludf.DUMMYFUNCTION("""COMPUTED_VALUE"""),"Standart") -> Standart | M27: =IFERROR(__xludf.DUMMYFUNCTION("""COMPUTED_VALUE"""),"Aweco") -> Aweco | N27: =IFERROR(__xludf.DUMMYFUNCTION("""COMPUTED_VALUE"""),2023.0) -> 2023 | O27: =IFERROR(__xludf.DUMMYFUNCTION("""COMPUTED_VALUE"""),3.0) -> 3 | P27: =IFERROR(__xludf.DUMMYFUNCTION("""COMPUTED_VALUE"""),"CS") -> CS | Q27: =IFERROR(__xludf.DUMMYFUNCTION("""COMPUTED_VALUE"""),"UD TRUCKS") -> UD TRUCKS | R27: =IFERROR(__xludf.DUMMYFUNCTION("""COMPUTED_VALUE"""),"GH8E583330C1P") -> GH8E583330C1P | S27: =IFERROR(__xludf.DUMMYFUNCTION("""COMPUTED_VALUE"""),"MFFCDA30GNK820477") -> MFFCDA30GNK820477 | T27: =IFERROR(__xludf.DUMMYFUNCTION("""COMPUTED_VALUE"""),47102.0) -> 47102 | U27: =IFERROR(__xludf.DUMMYFUNCTION("""COMPUTED_VALUE"""),"Berlaku") -> Berlaku | V27: =IFERROR(__xludf.DUMMYFUNCTION("""COMPUTED_VALUE"""),46371.0) -> 46371 | W27: =IFERROR(__xludf.DUMMYFUNCTION("""COMPUTED_VALUE"""),"Berlaku") -> Berlaku | Y27: =IFERROR(__xludf.DUMMYFUNCTION("""COMPUTED_VALUE"""),"Habis") -> Habis | Z27: =IFERROR(__xludf.DUMMYFUNCTION("""COMPUTED_VALUE"""),46367.0) -> 46367 | AA27: =IFERROR(__xludf.DUMMYFUNCTION("""COMPUTED_VALUE"""),"Berlaku") -> Berlaku | AB27: =IFERROR(__xludf.DUMMYFUNCTION("""COMPUTED_VALUE"""),46765.0) -> 46765 | AC27: =IFERROR(__xludf.DUMMYFUNCTION("""COMPUTED_VALUE"""),"Berlaku") -> Berlaku | AD27: =IFERROR(__xludf.DUMMYFUNCTION("""COMPUTED_VALUE"""),46360.0) -> 46360 | AE27: =IFERROR(__xludf.DUMMYFUNCTION("""COMPUTED_VALUE"""),"Berlaku") -> Berlaku | AF27: =IFERROR(__xludf.DUMMYFUNCTION("""COMPUTED_VALUE"""),"TUGU (MANDIRI)") -> TUGU (MANDIRI) | AG27: =IFERROR(__xludf.DUMMYFUNCTION("""COMPUTED_VALUE"""),"AKTIF ") -> AKTIF | AI27: =IFERROR(__xludf.DUMMYFUNCTION("""COMPUTED_VALUE"""),"Menggantikan MT AA 8711 OF") -> Menggantikan MT AA 8711 OF
A28: =IFERROR(__xludf.DUMMYFUNCTION("""COMPUTED_VALUE"""),38.0) -> 38 | B28: =IFERROR(__xludf.DUMMYFUNCTION("""COMPUTED_VALUE"""),"N9326UI") -> N9326UI | C28: =IFERROR(__xludf.DUMMYFUNCTION("""COMPUTED_VALUE"""),"8+8") -> 8+8 | D28: =IFERROR(__xludf.DUMMYFUNCTION("""COMPUTED_VALUE"""),16.0) -> 16 | E28: =IFERROR(__xludf.DUMMYFUNCTION("""COMPUTED_VALUE"""),"PT. SINAR WAHANA SURYA") -> PT. SINAR WAHANA SURYA | F28: =IFERROR(__xludf.DUMMYFUNCTION("""COMPUTED_VALUE"""),2022.0) -> 2022 | G28: =IFERROR(__xludf.DUMMYFUNCTION("""COMPUTED_VALUE"""),2023.0) -> 2023 | H28: =IFERROR(__xludf.DUMMYFUNCTION("""COMPUTED_VALUE"""),4.0) -> 4 | I28: =IFERROR(__xludf.DUMMYFUNCTION("""COMPUTED_VALUE"""),"CDE 250 6X2R WB4300MM E5 ABS M/T") -> CDE 250 6X2R WB4300MM E5 ABS M/T | J28: =IFERROR(__xludf.DUMMYFUNCTION("""COMPUTED_VALUE"""),7698.0) -> 7698 | K28: =IFERROR(__xludf.DUMMYFUNCTION("""COMPUTED_VALUE"""),"EURO 5") -> EURO 5 | L28: =IFERROR(__xludf.DUMMYFUNCTION("""COMPUTED_VALUE"""),"Standart") -> Standart | M28: =IFERROR(__xludf.DUMMYFUNCTION("""COMPUTED_VALUE"""),"Aweco") -> Aweco | N28: =IFERROR(__xludf.DUMMYFUNCTION("""COMPUTED_VALUE"""),2023.0) -> 2023 | O28: =IFERROR(__xludf.DUMMYFUNCTION("""COMPUTED_VALUE"""),3.0) -> 3 | P28: =IFERROR(__xludf.DUMMYFUNCTION("""COMPUTED_VALUE"""),"CS") -> CS | Q28: =IFERROR(__xludf.DUMMYFUNCTION("""COMPUTED_VALUE"""),"UD TRUCKS") -> UD TRUCKS | R28: =IFERROR(__xludf.DUMMYFUNCTION("""COMPUTED_VALUE"""),"GHH8E585405C1P") -> GHH8E585405C1P | S28: =IFERROR(__xludf.DUMMYFUNCTION("""COMPUTED_VALUE"""),"MFFCDA30GNK820478") -> MFFCDA30GNK820478 | T28: =IFERROR(__xludf.DUMMYFUNCTION("""COMPUTED_VALUE"""),47102.0) -> 47102 | U28: =IFERROR(__xludf.DUMMYFUNCTION("""COMPUTED_VALUE"""),"Berlaku") -> Berlaku | V28: =IFERROR(__xludf.DUMMYFUNCTION("""COMPUTED_VALUE"""),46371.0) -> 46371 | W28: =IFERROR(__xludf.DUMMYFUNCTION("""COMPUTED_VALUE"""),"Berlaku") -> Berlaku | Y28: =IFERROR(__xludf.DUMMYFUNCTION("""COMPUTED_VALUE"""),"Habis") -> Habis | Z28: =IFERROR(__xludf.DUMMYFUNCTION("""COMPUTED_VALUE"""),46367.0) -> 46367 | AA28: =IFERROR(__xludf.DUMMYFUNCTION("""COMPUTED_VALUE"""),"Berlaku") -> Berlaku | AB28: =IFERROR(__xludf.DUMMYFUNCTION("""COMPUTED_VALUE"""),46765.0) -> 46765 | AC28: =IFERROR(__xludf.DUMMYFUNCTION("""COMPUTED_VALUE"""),"Berlaku") -> Berlaku | AD28: =IFERROR(__xludf.DUMMYFUNCTION("""COMPUTED_VALUE"""),46360.0) -> 46360 | AE28: =IFERROR(__xludf.DUMMYFUNCTION("""COMPUTED_VALUE"""),"Berlaku") -> Berlaku | AF28: =IFERROR(__xludf.DUMMYFUNCTION("""COMPUTED_VALUE"""),"TUGU (MANDIRI)") -> TUGU (MANDIRI) | AG28: =IFERROR(__xludf.DUMMYFUNCTION("""COMPUTED_VALUE"""),"AKTIF ") -> AKTIF | AI28: =IFERROR(__xludf.DUMMYFUNCTION("""COMPUTED_VALUE"""),"Menggantikan MT AA 8710 OF") -> Menggantikan MT AA 8710 OF
A29: =IFERROR(__xludf.DUMMYFUNCTION("""COMPUTED_VALUE"""),39.0) -> 39 | B29: =IFERROR(__xludf.DUMMYFUNCTION("""COMPUTED_VALUE"""),"N8533UG") -> N8533UG | C29: =IFERROR(__xludf.DUMMYFUNCTION("""COMPUTED_VALUE"""),"8+8") -> 8+8 | D29: =IFERROR(__xludf.DUMMYFUNCTION("""COMPUTED_VALUE"""),16.0) -> 16 | E29: =IFERROR(__xludf.DUMMYFUNCTION("""COMPUTED_VALUE"""),"PT. SINAR WAHANA SURYA") -> PT. SINAR WAHANA SURYA | F29: =IFERROR(__xludf.DUMMYFUNCTION("""COMPUTED_VALUE"""),2022.0) -> 2022 | G29: =IFERROR(__xludf.DUMMYFUNCTION("""COMPUTED_VALUE"""),2024.0) -> 2024 | H29: =IFERROR(__xludf.DUMMYFUNCTION("""COMPUTED_VALUE"""),4.0) -> 4 | I29: =IFERROR(__xludf.DUMMYFUNCTION("""COMPUTED_VALUE"""),"CDE 250 6X2R W84300MM E5 ABS M/T") -> CDE 250 6X2R W84300MM E5 ABS M/T | J29: =IFERROR(__xludf.DUMMYFUNCTION("""COMPUTED_VALUE"""),7698.0) -> 7698 | K29: =IFERROR(__xludf.DUMMYFUNCTION("""COMPUTED_VALUE"""),"EURO 5") -> EURO 5 | L29: =IFERROR(__xludf.DUMMYFUNCTION("""COMPUTED_VALUE"""),"Standart") -> Standart | M29: =IFERROR(__xludf.DUMMYFUNCTION("""COMPUTED_VALUE"""),"Aweco") -> Aweco | N29: =IFERROR(__xludf.DUMMYFUNCTION("""COMPUTED_VALUE"""),2024.0) -> 2024 | O29: =IFERROR(__xludf.DUMMYFUNCTION("""COMPUTED_VALUE"""),2.0) -> 2 | P29: =IFERROR(__xludf.DUMMYFUNCTION("""COMPUTED_VALUE"""),"CS") -> CS | Q29: =IFERROR(__xludf.DUMMYFUNCTION("""COMPUTED_VALUE"""),"UD TRUCKS") -> UD TRUCKS | R29: =IFERROR(__xludf.DUMMYFUNCTION("""COMPUTED_VALUE"""),"GH8E583332C1P") -> GH8E583332C1P | S29: =IFERROR(__xludf.DUMMYFUNCTION("""COMPUTED_VALUE"""),"MFFCDA30GNK820485") -> MFFCDA30GNK820485 | T29: =IFERROR(__xludf.DUMMYFUNCTION("""COMPUTED_VALUE"""),47213.0) -> 47213 | U29: =IFERROR(__xludf.DUMMYFUNCTION("""COMPUTED_VALUE"""),"Berlaku") -> Berlaku | V29: =IFERROR(__xludf.DUMMYFUNCTION("""COMPUTED_VALUE"""),46482.0) -> 46482 | W29: =IFERROR(__xludf.DUMMYFUNCTION("""COMPUTED_VALUE"""),"Berlaku") -> Berlaku | Y29: =IFERROR(__xludf.DUMMYFUNCTION("""COMPUTED_VALUE"""),"Habis") -> Habis | Z29: =IFERROR(__xludf.DUMMYFUNCTION("""COMPUTED_VALUE"""),46305.0) -> 46305 | AA29: =IFERROR(__xludf.DUMMYFUNCTION("""COMPUTED_VALUE"""),"Akan Habis") -> Akan Habis | AB29: =IFERROR(__xludf.DUMMYFUNCTION("""COMPUTED_VALUE"""),46893.0) -> 46893 | AC29: =IFERROR(__xludf.DUMMYFUNCTION("""COMPUTED_VALUE"""),"Berlaku") -> Berlaku | AD29: =IFERROR(__xludf.DUMMYFUNCTION("""COMPUTED_VALUE"""),46304.0) -> 46304 | AE29: =IFERROR(__xludf.DUMMYFUNCTION("""COMPUTED_VALUE"""),"Akan Habis") -> Akan Habis | AF29: =IFERROR(__xludf.DUMMYFUNCTION("""COMPUTED_VALUE"""),"TUGU (MANDIRI)") -> TUGU (MANDIRI) | AG29: =IFERROR(__xludf.DUMMYFUNCTION("""COMPUTED_VALUE"""),"AKTIF ") -> AKTIF | AI29: =IFERROR(__xludf.DUMMYFUNCTION("""COMPUTED_VALUE"""),"AA1958EF milik PT Tanah Putih TIDAK DIREMAJAKAN (8 kl)") -> AA1958EF milik PT Tanah Putih TIDAK DIREMAJAKAN (8 kl)
A30: =IFERROR(__xludf.DUMMYFUNCTION("""COMPUTED_VALUE"""),40.0) -> 40 | B30: =IFERROR(__xludf.DUMMYFUNCTION("""COMPUTED_VALUE"""),"N9369UI") -> N9369UI | C30: =IFERROR(__xludf.DUMMYFUNCTION("""COMPUTED_VALUE"""),"8+8+8") -> 8+8+8 | D30: =IFERROR(__xludf.DUMMYFUNCTION("""COMPUTED_VALUE"""),24.0) -> 24 | E30: =IFERROR(__xludf.DUMMYFUNCTION("""COMPUTED_VALUE"""),"PT. SINAR WAHANA SURYA") -> PT. SINAR WAHANA SURYA | F30: =IFERROR(__xludf.DUMMYFUNCTION("""COMPUTED_VALUE"""),2023.0) -> 2023 | G30: =IFERROR(__xludf.DUMMYFUNCTION("""COMPUTED_VALUE"""),2024.0) -> 2024 | H30: =IFERROR(__xludf.DUMMYFUNCTION("""COMPUTED_VALUE"""),3.0) -> 3 | I30: =IFERROR(__xludf.DUMMYFUNCTION("""COMPUTED_VALUE"""),"GKE 280 4X2T WB3500MM E5 ABS M/T") -> GKE 280 4X2T WB3500MM E5 ABS M/T | J30: =IFERROR(__xludf.DUMMYFUNCTION("""COMPUTED_VALUE"""),7698.0) -> 7698 | K30: =IFERROR(__xludf.DUMMYFUNCTION("""COMPUTED_VALUE"""),"EURO 5") -> EURO 5 | L30: =IFERROR(__xludf.DUMMYFUNCTION("""COMPUTED_VALUE"""),"Standart") -> Standart | M30: =IFERROR(__xludf.DUMMYFUNCTION("""COMPUTED_VALUE"""),"Aweco") -> Aweco | N30: =IFERROR(__xludf.DUMMYFUNCTION("""COMPUTED_VALUE"""),2024.0) -> 2024 | O30: =IFERROR(__xludf.DUMMYFUNCTION("""COMPUTED_VALUE"""),2.0) -> 2 | P30: =IFERROR(__xludf.DUMMYFUNCTION("""COMPUTED_VALUE"""),"AA") -> AA | Q30: =IFERROR(__xludf.DUMMYFUNCTION("""COMPUTED_VALUE"""),"UD TRUCKS") -> UD TRUCKS | R30: =IFERROR(__xludf.DUMMYFUNCTION("""COMPUTED_VALUE"""),"GH8E615245C1P") -> GH8E615245C1P | S30: =IFERROR(__xludf.DUMMYFUNCTION("""COMPUTED_VALUE"""),"MFFGKZ50CPK824652") -> MFFGKZ50CPK824652 | T30: =IFERROR(__xludf.DUMMYFUNCTION("""COMPUTED_VALUE"""),47213.0) -> 47213 | U30: =IFERROR(__xludf.DUMMYFUNCTION("""COMPUTED_VALUE"""),"Berlaku") -> Berlaku | V30: =IFERROR(__xludf.DUMMYFUNCTION("""COMPUTED_VALUE"""),46482.0) -> 46482 | W30: =IFERROR(__xludf.DUMMYFUNCTION("""COMPUTED_VALUE"""),"Berlaku") -> Berlaku | X30: =IFERROR(__xludf.DUMMYFUNCTION("""COMPUTED_VALUE"""),46305.0) -> 46305 | Y30: =IFERROR(__xludf.DUMMYFUNCTION("""COMPUTED_VALUE"""),"Akan Habis") -> Akan Habis | Z30: =IFERROR(__xludf.DUMMYFUNCTION("""COMPUTED_VALUE"""),46305.0) -> 46305 | AA30: =IFERROR(__xludf.DUMMYFUNCTION("""COMPUTED_VALUE"""),"Akan Habis") -> Akan Habis | AB30: =IFERROR(__xludf.DUMMYFUNCTION("""COMPUTED_VALUE"""),46885.0) -> 46885 | AC30: =IFERROR(__xludf.DUMMYFUNCTION("""COMPUTED_VALUE"""),"Berlaku") -> Berlaku | AD30: =IFERROR(__xludf.DUMMYFUNCTION("""COMPUTED_VALUE"""),46304.0) -> 46304 | AE30: =IFERROR(__xludf.DUMMYFUNCTION("""COMPUTED_VALUE"""),"Akan Habis") -> Akan Habis | AF30: =IFERROR(__xludf.DUMMYFUNCTION("""COMPUTED_VALUE"""),"TUGU (MANDIRI)") -> TUGU (MANDIRI) | AG30: =IFERROR(__xludf.DUMMYFUNCTION("""COMPUTED_VALUE"""),"AKTIF ") -> AKTIF | AI30: =IFERROR(__xludf.DUMMYFUNCTION("""COMPUTED_VALUE"""),"AA8717OF TIDAK DIREMAJAKAN (NO POL LAMA AA1878EF) milik PT Tanah Putih") -> AA8717OF TIDAK DIREMAJAKAN (NO POL LAMA AA1878EF) milik PT Tanah Putih
A31: =IFERROR(__xludf.DUMMYFUNCTION("""COMPUTED_VALUE"""),41.0) -> 41 | B31: =IFERROR(__xludf.DUMMYFUNCTION("""COMPUTED_VALUE"""),"N9657UI") -> N9657UI | C31: =IFERROR(__xludf.DUMMYFUNCTION("""COMPUTED_VALUE"""),"8+8+8") -> 8+8+8 | D31: =IFERROR(__xludf.DUMMYFUNCTION("""COMPUTED_VALUE"""),24.0) -> 24 | E31: =IFERROR(__xludf.DUMMYFUNCTION("""COMPUTED_VALUE"""),"PT. SINAR WAHANA SURYA") -> PT. SINAR WAHANA SURYA | F31: =IFERROR(__xludf.DUMMYFUNCTION("""COMPUTED_VALUE"""),2023.0) -> 2023 | G31: =IFERROR(__xludf.DUMMYFUNCTION("""COMPUTED_VALUE"""),2024.0) -> 2024 | H31: =IFERROR(__xludf.DUMMYFUNCTION("""COMPUTED_VALUE"""),3.0) -> 3 | I31: =IFERROR(__xludf.DUMMYFUNCTION("""COMPUTED_VALUE"""),"GKE 280 4X2T WB3500MM E5 ABS M/T") -> GKE 280 4X2T WB3500MM E5 ABS M/T | J31: =IFERROR(__xludf.DUMMYFUNCTION("""COMPUTED_VALUE"""),7698.0) -> 7698 | K31: =IFERROR(__xludf.DUMMYFUNCTION("""COMPUTED_VALUE"""),"EURO 5") -> EURO 5 | L31: =IFERROR(__xludf.DUMMYFUNCTION("""COMPUTED_VALUE"""),"Standart") -> Standart | M31: =IFERROR(__xludf.DUMMYFUNCTION("""COMPUTED_VALUE"""),"Aweco") -> Aweco | N31: =IFERROR(__xludf.DUMMYFUNCTION("""COMPUTED_VALUE"""),2024.0) -> 2024 | O31: =IFERROR(__xludf.DUMMYFUNCTION("""COMPUTED_VALUE"""),2.0) -> 2 | P31: =IFERROR(__xludf.DUMMYFUNCTION("""COMPUTED_VALUE"""),"AA") -> AA | Q31: =IFERROR(__xludf.DUMMYFUNCTION("""COMPUTED_VALUE"""),"UD TRUCKS") -> UD TRUCKS | R31: =IFERROR(__xludf.DUMMYFUNCTION("""COMPUTED_VALUE"""),"GH8E614660C1P") -> GH8E614660C1P | S31: =IFERROR(__xludf.DUMMYFUNCTION("""COMPUTED_VALUE"""),"MFFGKZ50CPK824657") -> MFFGKZ50CPK824657 | T31: =IFERROR(__xludf.DUMMYFUNCTION("""COMPUTED_VALUE"""),47225.0) -> 47225 | U31: =IFERROR(__xludf.DUMMYFUNCTION("""COMPUTED_VALUE"""),"Berlaku") -> Berlaku | V31: =IFERROR(__xludf.DUMMYFUNCTION("""COMPUTED_VALUE"""),46482.0) -> 46482 | W31: =IFERROR(__xludf.DUMMYFUNCTION("""COMPUTED_VALUE"""),"Berlaku") -> Berlaku | X31: =IFERROR(__xludf.DUMMYFUNCTION("""COMPUTED_VALUE"""),46317.0) -> 46317 | Y31: =IFERROR(__xludf.DUMMYFUNCTION("""COMPUTED_VALUE"""),"Akan Habis") -> Akan Habis | Z31: =IFERROR(__xludf.DUMMYFUNCTION("""COMPUTED_VALUE"""),46317.0) -> 46317 | AA31: =IFERROR(__xludf.DUMMYFUNCTION("""COMPUTED_VALUE"""),"Berlaku") -> Berlaku | AB31: =IFERROR(__xludf.DUMMYFUNCTION("""COMPUTED_VALUE"""),46941.0) -> 46941 | AC31: =IFERROR(__xludf.DUMMYFUNCTION("""COMPUTED_VALUE"""),"Berlaku") -> Berlaku | AD31: =IFERROR(__xludf.DUMMYFUNCTION("""COMPUTED_VALUE"""),46340.0) -> 46340 | AE31: =IFERROR(__xludf.DUMMYFUNCTION("""COMPUTED_VALUE"""),"Berlaku") -> Berlaku | AF31: =IFERROR(__xludf.DUMMYFUNCTION("""COMPUTED_VALUE"""),"TUGU (MANDIRI)") -> TUGU (MANDIRI) | AG31: =IFERROR(__xludf.DUMMYFUNCTION("""COMPUTED_VALUE"""),"AKTIF ") -> AKTIF | AI31: =IFERROR(__xludf.DUMMYFUNCTION("""COMPUTED_VALUE"""),"AA1938 DF milik PT Tanah Putih TIDAK DIREMAJAKAN") -> AA1938 DF milik PT Tanah Putih TIDAK DIREMAJAKAN
A32: =IFERROR(__xludf.DUMMYFUNCTION("""COMPUTED_VALUE"""),42.0) -> 42 | B32: =IFERROR(__xludf.DUMMYFUNCTION("""COMPUTED_VALUE"""),"N9405UH") -> N9405UH | C32: =IFERROR(__xludf.DUMMYFUNCTION("""COMPUTED_VALUE"""),"8+8") -> 8+8 | D32: =IFERROR(__xludf.DUMMYFUNCTION("""COMPUTED_VALUE"""),16.0) -> 16 | E32: =IFERROR(__xludf.DUMMYFUNCTION("""COMPUTED_VALUE"""),"PT. DHARMA CITRA ENERGY") -> PT. DHARMA CITRA ENERGY | F32: =IFERROR(__xludf.DUMMYFUNCTION("""COMPUTED_VALUE"""),2022.0) -> 2022 | G32: =IFERROR(__xludf.DUMMYFUNCTION("""COMPUTED_VALUE"""),2023.0) -> 2023 | H32: =IFERROR(__xludf.DUMMYFUNCTION("""COMPUTED_VALUE"""),4.0) -> 4 | I32: =IFERROR(__xludf.DUMMYFUNCTION("""COMPUTED_VALUE"""),"CDE 250 6X2R WB4300MM E5 ABS M/T") -> CDE 250 6X2R WB4300MM E5 ABS M/T | J32: =IFERROR(__xludf.DUMMYFUNCTION("""COMPUTED_VALUE"""),7698.0) -> 7698 | K32: =IFERROR(__xludf.DUMMYFUNCTION("""COMPUTED_VALUE"""),"EURO 5") -> EURO 5 | L32: =IFERROR(__xludf.DUMMYFUNCTION("""COMPUTED_VALUE"""),"Standart") -> Standart | M32: =IFERROR(__xludf.DUMMYFUNCTION("""COMPUTED_VALUE"""),"Aweco") -> Aweco | N32: =IFERROR(__xludf.DUMMYFUNCTION("""COMPUTED_VALUE"""),2023.0) -> 2023 | O32: =IFERROR(__xludf.DUMMYFUNCTION("""COMPUTED_VALUE"""),3.0) -> 3 | P32: =IFERROR(__xludf.DUMMYFUNCTION("""COMPUTED_VALUE"""),"CS") -> CS | Q32: =IFERROR(__xludf.DUMMYFUNCTION("""COMPUTED_VALUE"""),"UD TRUCKS") -> UD TRUCKS | R32: =IFERROR(__xludf.DUMMYFUNCTION("""COMPUTED_VALUE"""),"GH8E582147C1P") -> GH8E582147C1P | S32: =IFERROR(__xludf.DUMMYFUNCTION("""COMPUTED_VALUE"""),"MFFCDA30GNK820182") -> MFFCDA30GNK820182 | T32: =IFERROR(__xludf.DUMMYFUNCTION("""COMPUTED_VALUE"""),47102.0) -> 47102 | U32: =IFERROR(__xludf.DUMMYFUNCTION("""COMPUTED_VALUE"""),"Berlaku") -> Berlaku | V32: =IFERROR(__xludf.DUMMYFUNCTION("""COMPUTED_VALUE"""),46371.0) -> 46371 | W32: =IFERROR(__xludf.DUMMYFUNCTION("""COMPUTED_VALUE"""),"Berlaku") -> Berlaku | Y32: =IFERROR(__xludf.DUMMYFUNCTION("""COMPUTED_VALUE"""),"Habis") -> Habis | Z32: =IFERROR(__xludf.DUMMYFUNCTION("""COMPUTED_VALUE"""),46367.0) -> 46367 | AA32: =IFERROR(__xludf.DUMMYFUNCTION("""COMPUTED_VALUE"""),"Berlaku") -> Berlaku | AB32: =IFERROR(__xludf.DUMMYFUNCTION("""COMPUTED_VALUE"""),46767.0) -> 46767 | AC32: =IFERROR(__xludf.DUMMYFUNCTION("""COMPUTED_VALUE"""),"Berlaku") -> Berlaku | AD32: =IFERROR(__xludf.DUMMYFUNCTION("""COMPUTED_VALUE"""),46360.0) -> 46360 | AE32: =IFERROR(__xludf.DUMMYFUNCTION("""COMPUTED_VALUE"""),"Berlaku") -> Berlaku | AF32: =IFERROR(__xludf.DUMMYFUNCTION("""COMPUTED_VALUE"""),"TUGU (MANDIRI)") -> TUGU (MANDIRI) | AG32: =IFERROR(__xludf.DUMMYFUNCTION("""COMPUTED_VALUE"""),"AKTIF ") -> AKTIF | AI32: =IFERROR(__xludf.DUMMYFUNCTION("""COMPUTED_VALUE"""),"Menggantikan MT AA 8712 OF") -> Menggantikan MT AA 8712 OF
A33: =IFERROR(__xludf.DUMMYFUNCTION("""COMPUTED_VALUE"""),43.0) -> 43 | B33: =IFERROR(__xludf.DUMMYFUNCTION("""COMPUTED_VALUE"""),"N9865UJ") -> N9865UJ | C33: =IFERROR(__xludf.DUMMYFUNCTION("""COMPUTED_VALUE"""),"8+8") -> 8+8 | D33: =IFERROR(__xludf.DUMMYFUNCTION("""COMPUTED_VALUE"""),16.0) -> 16 | E33: =IFERROR(__xludf.DUMMYFUNCTION("""COMPUTED_VALUE"""),"PT. DHARMA CITRA ENERGY") -> PT. DHARMA CITRA ENERGY | F33: =IFERROR(__xludf.DUMMYFUNCTION("""COMPUTED_VALUE"""),2022.0) -> 2022 | G33: =IFERROR(__xludf.DUMMYFUNCTION("""COMPUTED_VALUE"""),2024.0) -> 2024 | H33: =IFERROR(__xludf.DUMMYFUNCTION("""COMPUTED_VALUE"""),4.0) -> 4 | I33: =IFERROR(__xludf.DUMMYFUNCTION("""COMPUTED_VALUE"""),"CDE 250 6X2R W84300MM E5 ABS M/T") -> CDE 250 6X2R W84300MM E5 ABS M/T | J33: =IFERROR(__xludf.DUMMYFUNCTION("""COMPUTED_VALUE"""),7698.0) -> 7698 | K33: =IFERROR(__xludf.DUMMYFUNCTION("""COMPUTED_VALUE"""),"EURO 5") -> EURO 5 | L33: =IFERROR(__xludf.DUMMYFUNCTION("""COMPUTED_VALUE"""),"Standart") -> Standart | M33: =IFERROR(__xludf.DUMMYFUNCTION("""COMPUTED_VALUE"""),"Aweco") -> Aweco | N33: =IFERROR(__xludf.DUMMYFUNCTION("""COMPUTED_VALUE"""),2024.0) -> 2024 | O33: =IFERROR(__xludf.DUMMYFUNCTION("""COMPUTED_VALUE"""),2.0) -> 2 | P33: =IFERROR(__xludf.DUMMYFUNCTION("""COMPUTED_VALUE"""),"CS") -> CS | Q33: =IFERROR(__xludf.DUMMYFUNCTION("""COMPUTED_VALUE"""),"UD TRUCKS") -> UD TRUCKS | R33: =IFERROR(__xludf.DUMMYFUNCTION("""COMPUTED_VALUE"""),"GH8E582150C1P") -> GH8E582150C1P | S33: =IFERROR(__xludf.DUMMYFUNCTION("""COMPUTED_VALUE"""),"MFFCDA30GNK820179") -> MFFCDA30GNK820179 | T33: =IFERROR(__xludf.DUMMYFUNCTION("""COMPUTED_VALUE"""),47213.0) -> 47213 | U33: =IFERROR(__xludf.DUMMYFUNCTION("""COMPUTED_VALUE"""),"Berlaku") -> Berlaku | V33: =IFERROR(__xludf.DUMMYFUNCTION("""COMPUTED_VALUE"""),46482.0) -> 46482 | W33: =IFERROR(__xludf.DUMMYFUNCTION("""COMPUTED_VALUE"""),"Berlaku") -> Berlaku | Y33: =IFERROR(__xludf.DUMMYFUNCTION("""COMPUTED_VALUE"""),"Habis") -> Habis | Z33: =IFERROR(__xludf.DUMMYFUNCTION("""COMPUTED_VALUE"""),46314.0) -> 46314 | AA33: =IFERROR(__xludf.DUMMYFUNCTION("""COMPUTED_VALUE"""),"Akan Habis") -> Akan Habis | AB33: =IFERROR(__xludf.DUMMYFUNCTION("""COMPUTED_VALUE"""),46894.0) -> 46894 | AC33: =IFERROR(__xludf.DUMMYFUNCTION("""COMPUTED_VALUE"""),"Berlaku") -> Berlaku | AD33: =IFERROR(__xludf.DUMMYFUNCTION("""COMPUTED_VALUE"""),46304.0) -> 46304 | AE33: =IFERROR(__xludf.DUMMYFUNCTION("""COMPUTED_VALUE"""),"Akan Habis") -> Akan Habis | AF33: =IFERROR(__xludf.DUMMYFUNCTION("""COMPUTED_VALUE"""),"TUGU (MANDIRI)") -> TUGU (MANDIRI) | AG33: =IFERROR(__xludf.DUMMYFUNCTION("""COMPUTED_VALUE"""),"AKTIF ") -> AKTIF | AI33: =IFERROR(__xludf.DUMMYFUNCTION("""COMPUTED_VALUE"""),"AA8719OF milik PT Tanah Putih TIDAK DIREMAJAKAN (NO POL LAMA AA1858EF)") -> AA8719OF milik PT Tanah Putih TIDAK DIREMAJAKAN (NO POL LAMA AA1858EF)
A34: =IFERROR(__xludf.DUMMYFUNCTION("""COMPUTED_VALUE"""),45.0) -> 45 | B34: =IFERROR(__xludf.DUMMYFUNCTION("""COMPUTED_VALUE"""),"N8641UH") -> N8641UH | C34: =IFERROR(__xludf.DUMMYFUNCTION("""COMPUTED_VALUE"""),"4+4") -> 4+4 | D34: =IFERROR(__xludf.DUMMYFUNCTION("""COMPUTED_VALUE"""),8.0) -> 8 | E34: =IFERROR(__xludf.DUMMYFUNCTION("""COMPUTED_VALUE"""),"PT. DHARMA CITRA ENERGY") -> PT. DHARMA CITRA ENERGY | F34: =IFERROR(__xludf.DUMMYFUNCTION("""COMPUTED_VALUE"""),2022.0) -> 2022 | G34: =IFERROR(__xludf.DUMMYFUNCTION("""COMPUTED_VALUE"""),2024.0) -> 2024 | H34: =IFERROR(__xludf.DUMMYFUNCTION("""COMPUTED_VALUE"""),4.0) -> 4 | I34: =IFERROR(__xludf.DUMMYFUNCTION("""COMPUTED_VALUE"""),"CKE250 4X2R WB4600MM E5") -> CKE250 4X2R WB4600MM E5 | J34: =IFERROR(__xludf.DUMMYFUNCTION("""COMPUTED_VALUE"""),7698.0) -> 7698 | K34: =IFERROR(__xludf.DUMMYFUNCTION("""COMPUTED_VALUE"""),"EURO 5") -> EURO 5 | L34: =IFERROR(__xludf.DUMMYFUNCTION("""COMPUTED_VALUE"""),"Standart") -> Standart | M34: =IFERROR(__xludf.DUMMYFUNCTION("""COMPUTED_VALUE"""),"Aweco") -> Aweco | N34: =IFERROR(__xludf.DUMMYFUNCTION("""COMPUTED_VALUE"""),2024.0) -> 2024 | O34: =IFERROR(__xludf.DUMMYFUNCTION("""COMPUTED_VALUE"""),2.0) -> 2 | P34: =IFERROR(__xludf.DUMMYFUNCTION("""COMPUTED_VALUE"""),"CS") -> CS | Q34: =IFERROR(__xludf.DUMMYFUNCTION("""COMPUTED_VALUE"""),"UD TRUCKS") -> UD TRUCKS | R34: =IFERROR(__xludf.DUMMYFUNCTION("""COMPUTED_VALUE"""),"GH8E596448C1P") -> GH8E596448C1P | S34: =IFERROR(__xludf.DUMMYFUNCTION("""COMPUTED_VALUE"""),"JPCZA30A5PTO36998") -> JPCZA30A5PTO36998 | T34: =IFERROR(__xludf.DUMMYFUNCTION("""COMPUTED_VALUE"""),47253.0) -> 47253 | U34: =IFERROR(__xludf.DUMMYFUNCTION("""COMPUTED_VALUE"""),"Berlaku") -> Berlaku | V34: =IFERROR(__xludf.DUMMYFUNCTION("""COMPUTED_VALUE"""),46522.0) -> 46522 | W34: =IFERROR(__xludf.DUMMYFUNCTION("""COMPUTED_VALUE"""),"Berlaku") -> Berlaku | Y34: =IFERROR(__xludf.DUMMYFUNCTION("""COMPUTED_VALUE"""),"Habis") -> Habis | Z34: =IFERROR(__xludf.DUMMYFUNCTION("""COMPUTED_VALUE"""),46367.0) -> 46367 | AA34: =IFERROR(__xludf.DUMMYFUNCTION("""COMPUTED_VALUE"""),"Berlaku") -> Berlaku | AB34: =IFERROR(__xludf.DUMMYFUNCTION("""COMPUTED_VALUE"""),46923.0) -> 46923 | AC34: =IFERROR(__xludf.DUMMYFUNCTION("""COMPUTED_VALUE"""),"Berlaku") -> Berlaku | AD34: =IFERROR(__xludf.DUMMYFUNCTION("""COMPUTED_VALUE"""),46340.0) -> 46340 | AE34: =IFERROR(__xludf.DUMMYFUNCTION("""COMPUTED_VALUE"""),"Berlaku") -> Berlaku | AF34: =IFERROR(__xludf.DUMMYFUNCTION("""COMPUTED_VALUE"""),"TUGU (MANDIRI)") -> TUGU (MANDIRI) | AG34: =IFERROR(__xludf.DUMMYFUNCTION("""COMPUTED_VALUE"""),"AKTIF ") -> AKTIF | AI34: =IFERROR(__xludf.DUMMYFUNCTION("""COMPUTED_VALUE"""),"AA1936DF TIDAK DIREMAJAKAN milik PT Tanah Putih") -> AA1936DF TIDAK DIREMAJAKAN milik PT Tanah Putih
A35: =IFERROR(__xludf.DUMMYFUNCTION("""COMPUTED_VALUE"""),47.0) -> 47 | B35: =IFERROR(__xludf.DUMMYFUNCTION("""COMPUTED_VALUE"""),"N8021UEA") -> N8021UEA | C35: =IFERROR(__xludf.DUMMYFUNCTION("""COMPUTED_VALUE"""),"8+8") -> 8+8 | D35: =IFERROR(__xludf.DUMMYFUNCTION("""COMPUTED_VALUE"""),16.0) -> 16 | E35: =IFERROR(__xludf.DUMMYFUNCTION("""COMPUTED_VALUE"""),"PT. DHARMA CITRA ENERGY") -> PT. DHARMA CITRA ENERGY | F35: =IFERROR(__xludf.DUMMYFUNCTION("""COMPUTED_VALUE"""),2023.0) -> 2023 | G35: =IFERROR(__xludf.DUMMYFUNCTION("""COMPUTED_VALUE"""),2025.0) -> 2025 | H35: =IFERROR(__xludf.DUMMYFUNCTION("""COMPUTED_VALUE"""),3.0) -> 3 | I35: =IFERROR(__xludf.DUMMYFUNCTION("""COMPUTED_VALUE"""),"CA1250P26K2L7T3E6A80") -> CA1250P26K2L7T3E6A80 | J35: =IFERROR(__xludf.DUMMYFUNCTION("""COMPUTED_VALUE"""),7700.0) -> 7700 | K35: =IFERROR(__xludf.DUMMYFUNCTION("""COMPUTED_VALUE"""),"EURO 5") -> EURO 5 | L35: =IFERROR(__xludf.DUMMYFUNCTION("""COMPUTED_VALUE"""),"Standart") -> Standart | M35: =IFERROR(__xludf.DUMMYFUNCTION("""COMPUTED_VALUE"""),"Aweco") -> Aweco | N35: =IFERROR(__xludf.DUMMYFUNCTION("""COMPUTED_VALUE"""),2025.0) -> 2025 | O35: =IFERROR(__xludf.DUMMYFUNCTION("""COMPUTED_VALUE"""),1.0) -> 1 | P35: =IFERROR(__xludf.DUMMYFUNCTION("""COMPUTED_VALUE"""),"CS") -> CS | Q35: =IFERROR(__xludf.DUMMYFUNCTION("""COMPUTED_VALUE"""),"FAW") -> FAW | R35: =IFERROR(__xludf.DUMMYFUNCTION("""COMPUTED_VALUE"""),"CA6DL129E553993424") -> CA6DL129E553993424 | S35: =IFERROR(__xludf.DUMMYFUNCTION("""COMPUTED_VALUE"""),"LFNDRUMN6PAD32237") -> LFNDRUMN6PAD32237 | T35: =IFERROR(__xludf.DUMMYFUNCTION("""COMPUTED_VALUE"""),47596.0) -> 47596 | U35: =IFERROR(__xludf.DUMMYFUNCTION("""COMPUTED_VALUE"""),"Berlaku") -> Berlaku | V35: =IFERROR(__xludf.DUMMYFUNCTION("""COMPUTED_VALUE"""),46500.0) -> 46500 | W35: =IFERROR(__xludf.DUMMYFUNCTION("""COMPUTED_VALUE"""),"Berlaku") -> Berlaku | Y35: =IFERROR(__xludf.DUMMYFUNCTION("""COMPUTED_VALUE"""),"Habis") -> Habis | Z35: =IFERROR(__xludf.DUMMYFUNCTION("""COMPUTED_VALUE"""),46337.0) -> 46337 | AA35: =IFERROR(__xludf.DUMMYFUNCTION("""COMPUTED_VALUE"""),"Berlaku") -> Berlaku | AB35: =IFERROR(__xludf.DUMMYFUNCTION("""COMPUTED_VALUE"""),46542.0) -> 46542 | AC35: =IFERROR(__xludf.DUMMYFUNCTION("""COMPUTED_VALUE"""),"Berlaku") -> Berlaku | AD35: =IFERROR(__xludf.DUMMYFUNCTION("""COMPUTED_VALUE"""),46347.0) -> 46347 | AE35: =IFERROR(__xludf.DUMMYFUNCTION("""COMPUTED_VALUE"""),"Berlaku") -> Berlaku | AF35: =IFERROR(__xludf.DUMMYFUNCTION("""COMPUTED_VALUE"""),"ASWATA (MANDIRI)") -> ASWATA (MANDIRI) | AG35: =IFERROR(__xludf.DUMMYFUNCTION("""COMPUTED_VALUE"""),"AKTIF ") -> AKTIF | AI35: =IFERROR(__xludf.DUMMYFUNCTION("""COMPUTED_VALUE"""),"Meremajakan R1871AT dri PT Gelora") -> Meremajakan R1871AT dri PT Gelora
A36: =IFERROR(__xludf.DUMMYFUNCTION("""COMPUTED_VALUE"""),48.0) -> 48 | B36: =IFERROR(__xludf.DUMMYFUNCTION("""COMPUTED_VALUE"""),"N8054UEA") -> N8054UEA | C36: =IFERROR(__xludf.DUMMYFUNCTION("""COMPUTED_VALUE"""),"8+8") -> 8+8 | D36: =IFERROR(__xludf.DUMMYFUNCTION("""COMPUTED_VALUE"""),16.0) -> 16 | E36: =IFERROR(__xludf.DUMMYFUNCTION("""COMPUTED_VALUE"""),"PT. DHARMA CITRA ENERGY") -> PT. DHARMA CITRA ENERGY | F36: =IFERROR(__xludf.DUMMYFUNCTION("""COMPUTED_VALUE"""),2024.0) -> 2024 | G36: =IFERROR(__xludf.DUMMYFUNCTION("""COMPUTED_VALUE"""),2025.0) -> 2025 | H36: =IFERROR(__xludf.DUMMYFUNCTION("""COMPUTED_VALUE"""),2.0) -> 2 | I36: =IFERROR(__xludf.DUMMYFUNCTION("""COMPUTED_VALUE"""),"CA1250P26K2L7T3E6A80") -> CA1250P26K2L7T3E6A80 | J36: =IFERROR(__xludf.DUMMYFUNCTION("""COMPUTED_VALUE"""),6600.0) -> 6600 | K36: =IFERROR(__xludf.DUMMYFUNCTION("""COMPUTED_VALUE"""),"EURO 5") -> EURO 5 | L36: =IFERROR(__xludf.DUMMYFUNCTION("""COMPUTED_VALUE"""),"Standart") -> Standart | M36: =IFERROR(__xludf.DUMMYFUNCTION("""COMPUTED_VALUE"""),"Geluran Adikarya") -> Geluran Adikarya | N36: =IFERROR(__xludf.DUMMYFUNCTION("""COMPUTED_VALUE"""),2025.0) -> 2025 | O36: =IFERROR(__xludf.DUMMYFUNCTION("""COMPUTED_VALUE"""),1.0) -> 1 | P36: =IFERROR(__xludf.DUMMYFUNCTION("""COMPUTED_VALUE"""),"CS") -> CS | Q36: =IFERROR(__xludf.DUMMYFUNCTION("""COMPUTED_VALUE"""),"FAW") -> FAW | R36: =IFERROR(__xludf.DUMMYFUNCTION("""COMPUTED_VALUE"""),"CA6DLD24E554034600") -> CA6DLD24E554034600 | S36: =IFERROR(__xludf.DUMMYFUNCTION("""COMPUTED_VALUE"""),"LFNCRULN5RAC95018") -> LFNCRULN5RAC95018 | T36: =IFERROR(__xludf.DUMMYFUNCTION("""COMPUTED_VALUE"""),47720.0) -> 47720 | U36: =IFERROR(__xludf.DUMMYFUNCTION("""COMPUTED_VALUE"""),"Berlaku") -> Berlaku | V36: =IFERROR(__xludf.DUMMYFUNCTION("""COMPUTED_VALUE"""),46624.0) -> 46624 | W36: =IFERROR(__xludf.DUMMYFUNCTION("""COMPUTED_VALUE"""),"Berlaku") -> Berlaku | Y36: =IFERROR(__xludf.DUMMYFUNCTION("""COMPUTED_VALUE"""),"Habis") -> Habis | Z36: =IFERROR(__xludf.DUMMYFUNCTION("""COMPUTED_VALUE"""),46456.0) -> 46456 | AA36: =IFERROR(__xludf.DUMMYFUNCTION("""COMPUTED_VALUE"""),"Berlaku") -> Berlaku | AB36: =IFERROR(__xludf.DUMMYFUNCTION("""COMPUTED_VALUE"""),46668.0) -> 46668 | AC36: =IFERROR(__xludf.DUMMYFUNCTION("""COMPUTED_VALUE"""),"Berlaku") -> Berlaku | AD36: =IFERROR(__xludf.DUMMYFUNCTION("""COMPUTED_VALUE"""),46293.0) -> 46293 | AE36: =IFERROR(__xludf.DUMMYFUNCTION("""COMPUTED_VALUE"""),"Habis") -> Habis | AF36: =IFERROR(__xludf.DUMMYFUNCTION("""COMPUTED_VALUE"""),"ASWATA (MANDIRI)") -> ASWATA (MANDIRI) | AG36: =IFERROR(__xludf.DUMMYFUNCTION("""COMPUTED_VALUE"""),"AKTIF ") -> AKTIF | AI36: =IFERROR(__xludf.DUMMYFUNCTION("""COMPUTED_VALUE"""),"Meremajakan MT R 1889 GM Milik PT Katraco Putra Selaras") -> Meremajakan MT R 1889 GM Milik PT Katraco Putra Selaras
A37: =IFERROR(__xludf.DUMMYFUNCTION("""COMPUTED_VALUE"""),49.0) -> 49 | B37: =IFERROR(__xludf.DUMMYFUNCTION("""COMPUTED_VALUE"""),"R9839BR") -> R9839BR | C37: =IFERROR(__xludf.DUMMYFUNCTION("""COMPUTED_VALUE"""),"8+8") -> 8+8 | D37: =IFERROR(__xludf.DUMMYFUNCTION("""COMPUTED_VALUE"""),16.0) -> 16 | E37: =IFERROR(__xludf.DUMMYFUNCTION("""COMPUTED_VALUE"""),"PT. SATU HATI") -> PT. SATU HATI | F37: =IFERROR(__xludf.DUMMYFUNCTION("""COMPUTED_VALUE"""),2022.0) -> 2022 | G37: =IFERROR(__xludf.DUMMYFUNCTION("""COMPUTED_VALUE"""),2022.0) -> 2022 | H37: =IFERROR(__xludf.DUMMYFUNCTION("""COMPUTED_VALUE"""),4.0) -> 4 | I37: =IFERROR(__xludf.DUMMYFUNCTION("""COMPUTED_VALUE"""),"FL280JT2A-XGJ") -> FL280JT2A-XGJ | J37: =IFERROR(__xludf.DUMMYFUNCTION("""COMPUTED_VALUE"""),7684.0) -> 7684 | K37: =IFERROR(__xludf.DUMMYFUNCTION("""COMPUTED_VALUE"""),"EURO 4") -> EURO 4 | L37: =IFERROR(__xludf.DUMMYFUNCTION("""COMPUTED_VALUE"""),"Standart") -> Standart | M37: =IFERROR(__xludf.DUMMYFUNCTION("""COMPUTED_VALUE"""),"Aweco") -> Aweco | N37: =IFERROR(__xludf.DUMMYFUNCTION("""COMPUTED_VALUE"""),2022.0) -> 2022 | O37: =IFERROR(__xludf.DUMMYFUNCTION("""COMPUTED_VALUE"""),4.0) -> 4 | P37: =IFERROR(__xludf.DUMMYFUNCTION("""COMPUTED_VALUE"""),"CS") -> CS | Q37: =IFERROR(__xludf.DUMMYFUNCTION("""COMPUTED_VALUE"""),"HINO") -> HINO | R37: =IFERROR(__xludf.DUMMYFUNCTION("""COMPUTED_VALUE"""),"J08EWDJ10975") -> J08EWDJ10975 | S37: =IFERROR(__xludf.DUMMYFUNCTION("""COMPUTED_VALUE"""),"MJEFL8JT2NJX1004") -> MJEFL8JT2NJX1004 | T37: =IFERROR(__xludf.DUMMYFUNCTION("""COMPUTED_VALUE"""),46693.0) -> 46693 | U37: =IFERROR(__xludf.DUMMYFUNCTION("""COMPUTED_VALUE"""),"Berlaku") -> Berlaku | V37: =IFERROR(__xludf.DUMMYFUNCTION("""COMPUTED_VALUE"""),46693.0) -> 46693 | W37: =IFERROR(__xludf.DUMMYFUNCTION("""COMPUTED_VALUE"""),"Berlaku") -> Berlaku | Y37: =IFERROR(__xludf.DUMMYFUNCTION("""COMPUTED_VALUE"""),"Habis") -> Habis | Z37: =IFERROR(__xludf.DUMMYFUNCTION("""COMPUTED_VALUE"""),46453.0) -> 46453 | AA37: =IFERROR(__xludf.DUMMYFUNCTION("""COMPUTED_VALUE"""),"Berlaku") -> Berlaku | AB37: =IFERROR(__xludf.DUMMYFUNCTION("""COMPUTED_VALUE"""),46962.0) -> 46962 | AC37: =IFERROR(__xludf.DUMMYFUNCTION("""COMPUTED_VALUE"""),"Berlaku") -> Berlaku | AD37: =IFERROR(__xludf.DUMMYFUNCTION("""COMPUTED_VALUE"""),46439.0) -> 46439 | AE37: =IFERROR(__xludf.DUMMYFUNCTION("""COMPUTED_VALUE"""),"Berlaku") -> Berlaku | AF37: =IFERROR(__xludf.DUMMYFUNCTION("""COMPUTED_VALUE"""),"TUGU") -> TUGU | AG37: =IFERROR(__xludf.DUMMYFUNCTION("""COMPUTED_VALUE"""),"AKTIF ") -> AKTIF | AI37: =IFERROR(__xludf.DUMMYFUNCTION("""COMPUTED_VALUE"""),"No pol lama R8772BR yang afkir dan diremajakan") -> No pol lama R8772BR yang afkir dan diremajakan
A38: =IFERROR(__xludf.DUMMYFUNCTION("""COMPUTED_VALUE"""),52.0) -> 52 | B38: =IFERROR(__xludf.DUMMYFUNCTION("""COMPUTED_VALUE"""),"R9674B") -> R9674B | C38: =IFERROR(__xludf.DUMMYFUNCTION("""COMPUTED_VALUE"""),"8+8") -> 8+8 | D38: =IFERROR(__xludf.DUMMYFUNCTION("""COMPUTED_VALUE"""),16.0) -> 16 | E38: =IFERROR(__xludf.DUMMYFUNCTION("""COMPUTED_VALUE"""),"PT. SERAYU MITRA JAYA") -> PT. SERAYU MITRA JAYA | F38: =IFERROR(__xludf.DUMMYFUNCTION("""COMPUTED_VALUE"""),2022.0) -> 2022 | G38: =IFERROR(__xludf.DUMMYFUNCTION("""COMPUTED_VALUE"""),2022.0) -> 2022 | H38: =IFERROR(__xludf.DUMMYFUNCTION("""COMPUTED_VALUE"""),4.0) -> 4 | I38: =IFERROR(__xludf.DUMMYFUNCTION("""COMPUTED_VALUE"""),"CDE 250 6x2R WB4300MM E5 ABS M/T") -> CDE 250 6x2R WB4300MM E5 ABS M/T | J38: =IFERROR(__xludf.DUMMYFUNCTION("""COMPUTED_VALUE"""),7698.0) -> 7698 | K38: =IFERROR(__xludf.DUMMYFUNCTION("""COMPUTED_VALUE"""),"EURO 5") -> EURO 5 | L38: =IFERROR(__xludf.DUMMYFUNCTION("""COMPUTED_VALUE"""),"Standart") -> Standart | M38: =IFERROR(__xludf.DUMMYFUNCTION("""COMPUTED_VALUE"""),"Geluran Adikarya") -> Geluran Adikarya | N38: =IFERROR(__xludf.DUMMYFUNCTION("""COMPUTED_VALUE"""),2022.0) -> 2022 | O38: =IFERROR(__xludf.DUMMYFUNCTION("""COMPUTED_VALUE"""),4.0) -> 4 | P38: =IFERROR(__xludf.DUMMYFUNCTION("""COMPUTED_VALUE"""),"CS") -> CS | Q38: =IFERROR(__xludf.DUMMYFUNCTION("""COMPUTED_VALUE"""),"UD TRUCKS") -> UD TRUCKS | R38: =IFERROR(__xludf.DUMMYFUNCTION("""COMPUTED_VALUE"""),"GH8E569526C1P") -> GH8E569526C1P | S38: =IFERROR(__xludf.DUMMYFUNCTION("""COMPUTED_VALUE"""),"MFFCDA30GNK818519") -> MFFCDA30GNK818519 | T38: =IFERROR(__xludf.DUMMYFUNCTION("""COMPUTED_VALUE"""),46705.0) -> 46705 | U38: =IFERROR(__xludf.DUMMYFUNCTION("""COMPUTED_VALUE"""),"Berlaku") -> Berlaku | V38: =IFERROR(__xludf.DUMMYFUNCTION("""COMPUTED_VALUE"""),46340.0) -> 46340 | W38: =IFERROR(__xludf.DUMMYFUNCTION("""COMPUTED_VALUE"""),"Akan Habis") -> Akan Habis | Y38: =IFERROR(__xludf.DUMMYFUNCTION("""COMPUTED_VALUE"""),"Habis") -> Habis | Z38: =IFERROR(__xludf.DUMMYFUNCTION("""COMPUTED_VALUE"""),46330.0) -> 46330 | AA38: =IFERROR(__xludf.DUMMYFUNCTION("""COMPUTED_VALUE"""),"Berlaku") -> Berlaku | AB38: =IFERROR(__xludf.DUMMYFUNCTION("""COMPUTED_VALUE"""),46648.0) -> 46648 | AC38: =IFERROR(__xludf.DUMMYFUNCTION("""COMPUTED_VALUE"""),"Berlaku") -> Berlaku | AD38: =IFERROR(__xludf.DUMMYFUNCTION("""COMPUTED_VALUE"""),46340.0) -> 46340 | AE38: =IFERROR(__xludf.DUMMYFUNCTION("""COMPUTED_VALUE"""),"Berlaku") -> Berlaku | AF38: =IFERROR(__xludf.DUMMYFUNCTION("""COMPUTED_VALUE"""),"TUGU") -> TUGU | AG38: =IFERROR(__xludf.DUMMYFUNCTION("""COMPUTED_VALUE"""),"AKTIF ") -> AKTIF | AI38: =IFERROR(__xludf.DUMMYFUNCTION("""COMPUTED_VALUE"""),"Menggantikan MT R9029DT (PERUBAHAN NO POL R1848EK) PT Gelora") -> Menggantikan MT R9029DT (PERUBAHAN NO POL R1848EK) PT Gelora
A39: =IFERROR(__xludf.DUMMYFUNCTION("""COMPUTED_VALUE"""),53.0) -> 53 | B39: =IFERROR(__xludf.DUMMYFUNCTION("""COMPUTED_VALUE"""),"R9675B") -> R9675B | C39: =IFERROR(__xludf.DUMMYFUNCTION("""COMPUTED_VALUE"""),"8+8") -> 8+8 | D39: =IFERROR(__xludf.DUMMYFUNCTION("""COMPUTED_VALUE"""),16.0) -> 16 | E39: =IFERROR(__xludf.DUMMYFUNCTION("""COMPUTED_VALUE"""),"PT. SERAYU MITRA JAYA") -> PT. SERAYU MITRA JAYA | F39: =IFERROR(__xludf.DUMMYFUNCTION("""COMPUTED_VALUE"""),2022.0) -> 2022 | G39: =IFERROR(__xludf.DUMMYFUNCTION("""COMPUTED_VALUE"""),2022.0) -> 2022 | H39: =IFERROR(__xludf.DUMMYFUNCTION("""COMPUTED_VALUE"""),4.0) -> 4 | I39: =IFERROR(__xludf.DUMMYFUNCTION("""COMPUTED_VALUE"""),"CDE 250 6x2R WB4300MM E5 ABS M/T") -> CDE 250 6x2R WB4300MM E5 ABS M/T | J39: =IFERROR(__xludf.DUMMYFUNCTION("""COMPUTED_VALUE"""),7698.0) -> 7698 | K39: =IFERROR(__xludf.DUMMYFUNCTION("""COMPUTED_VALUE"""),"EURO 5") -> EURO 5 | L39: =IFERROR(__xludf.DUMMYFUNCTION("""COMPUTED_VALUE"""),"Standart") -> Standart | M39: =IFERROR(__xludf.DUMMYFUNCTION("""COMPUTED_VALUE"""),"Geluran Adikarya") -> Geluran Adikarya | N39: =IFERROR(__xludf.DUMMYFUNCTION("""COMPUTED_VALUE"""),2022.0) -> 2022 | O39: =IFERROR(__xludf.DUMMYFUNCTION("""COMPUTED_VALUE"""),4.0) -> 4 | P39: =IFERROR(__xludf.DUMMYFUNCTION("""COMPUTED_VALUE"""),"CS") -> CS | Q39: =IFERROR(__xludf.DUMMYFUNCTION("""COMPUTED_VALUE"""),"UD TRUCKS") -> UD TRUCKS | R39: =IFERROR(__xludf.DUMMYFUNCTION("""COMPUTED_VALUE"""),"GH8E569522C1P") -> GH8E569522C1P | S39: =IFERROR(__xludf.DUMMYFUNCTION("""COMPUTED_VALUE"""),"MFFCDA30GNK818520") -> MFFCDA30GNK818520 | T39: =IFERROR(__xludf.DUMMYFUNCTION("""COMPUTED_VALUE"""),46706.0) -> 46706 | U39: =IFERROR(__xludf.DUMMYFUNCTION("""COMPUTED_VALUE"""),"Berlaku") -> Berlaku | V39: =IFERROR(__xludf.DUMMYFUNCTION("""COMPUTED_VALUE"""),46341.0) -> 46341 | W39: =IFERROR(__xludf.DUMMYFUNCTION("""COMPUTED_VALUE"""),"Akan Habis") -> Akan Habis | Y39: =IFERROR(__xludf.DUMMYFUNCTION("""COMPUTED_VALUE"""),"Habis") -> Habis | Z39: =IFERROR(__xludf.DUMMYFUNCTION("""COMPUTED_VALUE"""),46330.0) -> 46330 | AA39: =IFERROR(__xludf.DUMMYFUNCTION("""COMPUTED_VALUE"""),"Berlaku") -> Berlaku | AB39: =IFERROR(__xludf.DUMMYFUNCTION("""COMPUTED_VALUE"""),46339.0) -> 46339 | AC39: =IFERROR(__xludf.DUMMYFUNCTION("""COMPUTED_VALUE"""),"Akan Habis") -> Akan Habis | AD39: =IFERROR(__xludf.DUMMYFUNCTION("""COMPUTED_VALUE"""),46340.0) -> 46340 | AE39: =IFERROR(__xludf.DUMMYFUNCTION("""COMPUTED_VALUE"""),"Berlaku") -> Berlaku | AF39: =IFERROR(__xludf.DUMMYFUNCTION("""COMPUTED_VALUE"""),"TUGU") -> TUGU | AG39: =IFERROR(__xludf.DUMMYFUNCTION("""COMPUTED_VALUE"""),"AKTIF ") -> AKTIF | AI39: =IFERROR(__xludf.DUMMYFUNCTION("""COMPUTED_VALUE"""),"No pol lama R 1883 CK yang afkir dan diremajakan") -> No pol lama R 1883 CK yang afkir dan diremajakan
A40: =IFERROR(__xludf.DUMMYFUNCTION("""COMPUTED_VALUE"""),54.0) -> 54 | B40: =IFERROR(__xludf.DUMMYFUNCTION("""COMPUTED_VALUE"""),"R8114K") -> R8114K | C40: =IFERROR(__xludf.DUMMYFUNCTION("""COMPUTED_VALUE"""),"8+8") -> 8+8 | D40: =IFERROR(__xludf.DUMMYFUNCTION("""COMPUTED_VALUE"""),16.0) -> 16 | E40: =IFERROR(__xludf.DUMMYFUNCTION("""COMPUTED_VALUE"""),"PT. SERAYU MITRA JAYA") -> PT. SERAYU MITRA JAYA | F40: =IFERROR(__xludf.DUMMYFUNCTION("""COMPUTED_VALUE"""),2023.0) -> 2023 | G40: =IFERROR(__xludf.DUMMYFUNCTION("""COMPUTED_VALUE"""),2024.0) -> 2024 | H40: =IFERROR(__xludf.DUMMYFUNCTION("""COMPUTED_VALUE"""),3.0) -> 3 | I40: =IFERROR(__xludf.DUMMYFUNCTION("""COMPUTED_VALUE"""),"FVM34U-NDYIN4 (TRONTON) 6X2 MT") -> FVM34U-NDYIN4 (TRONTON) 6X2 MT | J40: =IFERROR(__xludf.DUMMYFUNCTION("""COMPUTED_VALUE"""),7790.0) -> 7790 | K40: =IFERROR(__xludf.DUMMYFUNCTION("""COMPUTED_VALUE"""),"EURO 4") -> EURO 4 | L40: =IFERROR(__xludf.DUMMYFUNCTION("""COMPUTED_VALUE"""),"Standart") -> Standart | M40: =IFERROR(__xludf.DUMMYFUNCTION("""COMPUTED_VALUE"""),"Geluran Adikarya") -> Geluran Adikarya | N40: =IFERROR(__xludf.DUMMYFUNCTION("""COMPUTED_VALUE"""),2024.0) -> 2024 | O40: =IFERROR(__xludf.DUMMYFUNCTION("""COMPUTED_VALUE"""),2.0) -> 2 | P40: =IFERROR(__xludf.DUMMYFUNCTION("""COMPUTED_VALUE"""),"CS") -> CS | Q40: =IFERROR(__xludf.DUMMYFUNCTION("""COMPUTED_VALUE"""),"ISUZU") -> ISUZU | R40: =IFERROR(__xludf.DUMMYFUNCTION("""COMPUTED_VALUE"""),"6HK1F105741") -> 6HK1F105741 | S40: =IFERROR(__xludf.DUMMYFUNCTION("""COMPUTED_VALUE"""),"MHCFVM34NPJ000154") -> MHCFVM34NPJ000154 | T40: =IFERROR(__xludf.DUMMYFUNCTION("""COMPUTED_VALUE"""),47358.0) -> 47358 | U40: =IFERROR(__xludf.DUMMYFUNCTION("""COMPUTED_VALUE"""),"Berlaku") -> Berlaku | V40: =IFERROR(__xludf.DUMMYFUNCTION("""COMPUTED_VALUE"""),46627.0) -> 46627 | W40: =IFERROR(__xludf.DUMMYFUNCTION("""COMPUTED_VALUE"""),"Berlaku") -> Berlaku | Y40: =IFERROR(__xludf.DUMMYFUNCTION("""COMPUTED_VALUE"""),"Habis") -> Habis | Z40: =IFERROR(__xludf.DUMMYFUNCTION("""COMPUTED_VALUE"""),46301.0) -> 46301 | AA40: =IFERROR(__xludf.DUMMYFUNCTION("""COMPUTED_VALUE"""),"Habis dalam 7-1 Hari") -> Habis dalam 7-1 Hari | AB40: =IFERROR(__xludf.DUMMYFUNCTION("""COMPUTED_VALUE"""),46318.0) -> 46318 | AC40: =IFERROR(__xludf.DUMMYFUNCTION("""COMPUTED_VALUE"""),"Akan Habis") -> Akan Habis | AD40: =IFERROR(__xludf.DUMMYFUNCTION("""COMPUTED_VALUE"""),46293.0) -> 46293 | AE40: =IFERROR(__xludf.DUMMYFUNCTION("""COMPUTED_VALUE"""),"Habis") -> Habis | AF40: =IFERROR(__xludf.DUMMYFUNCTION("""COMPUTED_VALUE"""),"TUGU") -> TUGU | AG40: =IFERROR(__xludf.DUMMYFUNCTION("""COMPUTED_VALUE"""),"AKTIF ") -> AKTIF | AI40: =IFERROR(__xludf.DUMMYFUNCTION("""COMPUTED_VALUE"""),"Menggantikan MT R 1870 AT ex PT Gelora") -> Menggantikan MT R 1870 AT ex PT Gelora
A41: =IFERROR(__xludf.DUMMYFUNCTION("""COMPUTED_VALUE"""),55.0) -> 55 | B41: =IFERROR(__xludf.DUMMYFUNCTION("""COMPUTED_VALUE"""),"R9564B") -> R9564B | C41: =IFERROR(__xludf.DUMMYFUNCTION("""COMPUTED_VALUE"""),"8+8+8") -> 8+8+8 | D41: =IFERROR(__xludf.DUMMYFUNCTION("""COMPUTED_VALUE"""),24.0) -> 24 | E41: =IFERROR(__xludf.DUMMYFUNCTION("""COMPUTED_VALUE"""),"PT. SERAYU MITRA JAYA") -> PT. SERAYU MITRA JAYA | F41: =IFERROR(__xludf.DUMMYFUNCTION("""COMPUTED_VALUE"""),2022.0) -> 2022 | G41: =IFERROR(__xludf.DUMMYFUNCTION("""COMPUTED_VALUE"""),2022.0) -> 2022 | H41: =IFERROR(__xludf.DUMMYFUNCTION("""COMPUTED_VALUE"""),4.0) -> 4 | I41: =IFERROR(__xludf.DUMMYFUNCTION("""COMPUTED_VALUE"""),"GKE 280 4X2T WB35OOMM E5 ABS M/T 9564-B") -> GKE 280 4X2T WB35OOMM E5 ABS M/T 9564-B | J41: =IFERROR(__xludf.DUMMYFUNCTION("""COMPUTED_VALUE"""),7698.0) -> 7698 | K41: =IFERROR(__xludf.DUMMYFUNCTION("""COMPUTED_VALUE"""),"EURO 5") -> EURO 5 | L41: =IFERROR(__xludf.DUMMYFUNCTION("""COMPUTED_VALUE"""),"Standart") -> Standart | M41: =IFERROR(__xludf.DUMMYFUNCTION("""COMPUTED_VALUE"""),"Aweco") -> Aweco | N41: =IFERROR(__xludf.DUMMYFUNCTION("""COMPUTED_VALUE"""),2012.0) -> 2012 | O41: =IFERROR(__xludf.DUMMYFUNCTION("""COMPUTED_VALUE"""),14.0) -> 14 | P41: =IFERROR(__xludf.DUMMYFUNCTION("""COMPUTED_VALUE"""),"AA") -> AA | Q41: =IFERROR(__xludf.DUMMYFUNCTION("""COMPUTED_VALUE"""),"UD TRUCKS") -> UD TRUCKS | R41: =IFERROR(__xludf.DUMMYFUNCTION("""COMPUTED_VALUE"""),"GH8E56657OC1P") -> GH8E56657OC1P | S41: =IFERROR(__xludf.DUMMYFUNCTION("""COMPUTED_VALUE"""),"MFFGKZ5OCNK81820") -> MFFGKZ5OCNK81820 | T41: =IFERROR(__xludf.DUMMYFUNCTION("""COMPUTED_VALUE"""),46659.0) -> 46659 | U41: =IFERROR(__xludf.DUMMYFUNCTION("""COMPUTED_VALUE"""),"Berlaku") -> Berlaku | V41: =IFERROR(__xludf.DUMMYFUNCTION("""COMPUTED_VALUE"""),46659.0) -> 46659 | W41: =IFERROR(__xludf.DUMMYFUNCTION("""COMPUTED_VALUE"""),"Berlaku") -> Berlaku | X41: =IFERROR(__xludf.DUMMYFUNCTION("""COMPUTED_VALUE"""),46330.0) -> 46330 | Y41: =IFERROR(__xludf.DUMMYFUNCTION("""COMPUTED_VALUE"""),"Akan Habis") -> Akan Habis | Z41: =IFERROR(__xludf.DUMMYFUNCTION("""COMPUTED_VALUE"""),46330.0) -> 46330 | AA41: =IFERROR(__xludf.DUMMYFUNCTION("""COMPUTED_VALUE"""),"Berlaku") -> Berlaku | AB41: =IFERROR(__xludf.DUMMYFUNCTION("""COMPUTED_VALUE"""),46694.0) -> 46694 | AC41: =IFERROR(__xludf.DUMMYFUNCTION("""COMPUTED_VALUE"""),"Berlaku") -> Berlaku | AD41: =IFERROR(__xludf.DUMMYFUNCTION("""COMPUTED_VALUE"""),46332.0) -> 46332 | AE41: =IFERROR(__xludf.DUMMYFUNCTION("""COMPUTED_VALUE"""),"Berlaku") -> Berlaku | AF41: =IFERROR(__xludf.DUMMYFUNCTION("""COMPUTED_VALUE"""),"TUGU") -> TUGU | AG41: =IFERROR(__xludf.DUMMYFUNCTION("""COMPUTED_VALUE"""),"AKTIF ") -> AKTIF | AI41: =IFERROR(__xludf.DUMMYFUNCTION("""COMPUTED_VALUE"""),"Menggantikan MT AA 8713 OF PT Tanah Putih") -> Menggantikan MT AA 8713 OF PT Tanah Putih
A42: =IFERROR(__xludf.DUMMYFUNCTION("""COMPUTED_VALUE"""),56.0) -> 56 | B42: =IFERROR(__xludf.DUMMYFUNCTION("""COMPUTED_VALUE"""),"AA8860OF") -> AA8860OF | C42: =IFERROR(__xludf.DUMMYFUNCTION("""COMPUTED_VALUE"""),"8+8") -> 8+8 | D42: =IFERROR(__xludf.DUMMYFUNCTION("""COMPUTED_VALUE"""),16.0) -> 16 | E42: =IFERROR(__xludf.DUMMYFUNCTION("""COMPUTED_VALUE"""),"PT. TANAH PUTIH") -> PT. TANAH PUTIH | F42: =IFERROR(__xludf.DUMMYFUNCTION("""COMPUTED_VALUE"""),2023.0) -> 2023 | G42: =IFERROR(__xludf.DUMMYFUNCTION("""COMPUTED_VALUE"""),2023.0) -> 2023 | H42: =IFERROR(__xludf.DUMMYFUNCTION("""COMPUTED_VALUE"""),3.0) -> 3 | I42: =IFERROR(__xludf.DUMMYFUNCTION("""COMPUTED_VALUE"""),"FVM34U-NDYIN4 (TRONTON) 6X2 MT") -> FVM34U-NDYIN4 (TRONTON) 6X2 MT | J42: =IFERROR(__xludf.DUMMYFUNCTION("""COMPUTED_VALUE"""),7790.0) -> 7790 | K42: =IFERROR(__xludf.DUMMYFUNCTION("""COMPUTED_VALUE"""),"EURO 4") -> EURO 4 | L42: =IFERROR(__xludf.DUMMYFUNCTION("""COMPUTED_VALUE"""),"Standart") -> Standart | M42: =IFERROR(__xludf.DUMMYFUNCTION("""COMPUTED_VALUE"""),"Aweco") -> Aweco | N42: =IFERROR(__xludf.DUMMYFUNCTION("""COMPUTED_VALUE"""),2023.0) -> 2023 | O42: =IFERROR(__xludf.DUMMYFUNCTION("""COMPUTED_VALUE"""),3.0) -> 3 | P42: =IFERROR(__xludf.DUMMYFUNCTION("""COMPUTED_VALUE"""),"CS") -> CS | Q42: =IFERROR(__xludf.DUMMYFUNCTION("""COMPUTED_VALUE"""),"ISUZU") -> ISUZU | R42: =IFERROR(__xludf.DUMMYFUNCTION("""COMPUTED_VALUE"""),"6HK1F102289") -> 6HK1F102289 | S42: =IFERROR(__xludf.DUMMYFUNCTION("""COMPUTED_VALUE"""),"MHCFVM34NNJ000103") -> MHCFVM34NNJ000103 | T42: =IFERROR(__xludf.DUMMYFUNCTION("""COMPUTED_VALUE"""),46924.0) -> 46924 | U42: =IFERROR(__xludf.DUMMYFUNCTION("""COMPUTED_VALUE"""),"Berlaku") -> Berlaku | V42: =IFERROR(__xludf.DUMMYFUNCTION("""COMPUTED_VALUE"""),46558.0) -> 46558 | W42: =IFERROR(__xludf.DUMMYFUNCTION("""COMPUTED_VALUE"""),"Berlaku") -> Berlaku | Y42: =IFERROR(__xludf.DUMMYFUNCTION("""COMPUTED_VALUE"""),"Habis") -> Habis | Z42: =IFERROR(__xludf.DUMMYFUNCTION("""COMPUTED_VALUE"""),46346.0) -> 46346 | AA42: =IFERROR(__xludf.DUMMYFUNCTION("""COMPUTED_VALUE"""),"Berlaku") -> Berlaku | AB42: =IFERROR(__xludf.DUMMYFUNCTION("""COMPUTED_VALUE"""),46563.0) -> 46563 | AC42: =IFERROR(__xludf.DUMMYFUNCTION("""COMPUTED_VALUE"""),"Berlaku") -> Berlaku | AD42: =IFERROR(__xludf.DUMMYFUNCTION("""COMPUTED_VALUE"""),46340.0) -> 46340 | AE42: =IFERROR(__xludf.DUMMYFUNCTION("""COMPUTED_VALUE"""),"Berlaku") -> Berlaku | AF42: =IFERROR(__xludf.DUMMYFUNCTION("""COMPUTED_VALUE"""),"TUGU") -> TUGU | AG42: =IFERROR(__xludf.DUMMYFUNCTION("""COMPUTED_VALUE"""),"AKTIF ") -> AKTIF | AI42: =IFERROR(__xludf.DUMMYFUNCTION("""COMPUTED_VALUE"""),"No pol lama AA1814FP yang afkir dan diremajakan PT Tanah Putih") -> No pol lama AA1814FP yang afkir dan diremajakan PT Tanah Putih
A43: =IFERROR(__xludf.DUMMYFUNCTION("""COMPUTED_VALUE"""),58.0) -> 58 | B43: =IFERROR(__xludf.DUMMYFUNCTION("""COMPUTED_VALUE"""),"H9390OF") -> H9390OF | C43: =IFERROR(__xludf.DUMMYFUNCTION("""COMPUTED_VALUE"""),"8+8") -> 8+8 | D43: =IFERROR(__xludf.DUMMYFUNCTION("""COMPUTED_VALUE"""),16.0) -> 16 | E43: =IFERROR(__xludf.DUMMYFUNCTION("""COMPUTED_VALUE"""),"PT. ADHI BUANA PERSADA") -> PT. ADHI BUANA PERSADA | F43: =IFERROR(__xludf.DUMMYFUNCTION("""COMPUTED_VALUE"""),2023.0) -> 2023 | G43: =IFERROR(__xludf.DUMMYFUNCTION("""COMPUTED_VALUE"""),2023.0) -> 2023 | H43: =IFERROR(__xludf.DUMMYFUNCTION("""COMPUTED_VALUE"""),3.0) -> 3 | I43: =IFERROR(__xludf.DUMMYFUNCTION("""COMPUTED_VALUE"""),"FL8JN2A-PGJ (6X2) M/T") -> FL8JN2A-PGJ (6X2) M/T | J43: =IFERROR(__xludf.DUMMYFUNCTION("""COMPUTED_VALUE"""),7684.0) -> 7684 | K43: =IFERROR(__xludf.DUMMYFUNCTION("""COMPUTED_VALUE"""),"EURO 4") -> EURO 4 | L43: =IFERROR(__xludf.DUMMYFUNCTION("""COMPUTED_VALUE"""),"Standart") -> Standart | M43: =IFERROR(__xludf.DUMMYFUNCTION("""COMPUTED_VALUE"""),"Aweco") -> Aweco | N43: =IFERROR(__xludf.DUMMYFUNCTION("""COMPUTED_VALUE"""),2023.0) -> 2023 | O43: =IFERROR(__xludf.DUMMYFUNCTION("""COMPUTED_VALUE"""),3.0) -> 3 | P43: =IFERROR(__xludf.DUMMYFUNCTION("""COMPUTED_VALUE"""),"CS") -> CS | Q43: =IFERROR(__xludf.DUMMYFUNCTION("""COMPUTED_VALUE"""),"HINO") -> HINO | R43: =IFERROR(__xludf.DUMMYFUNCTION("""COMPUTED_VALUE"""),"J08EWEJ16890") -> J08EWEJ16890 | S43: =IFERROR(__xludf.DUMMYFUNCTION("""COMPUTED_VALUE"""),"MJEFL8JN2PJP10613") -> MJEFL8JN2PJP10613 | T43: =IFERROR(__xludf.DUMMYFUNCTION("""COMPUTED_VALUE"""),47071.0) -> 47071 | U43: =IFERROR(__xludf.DUMMYFUNCTION("""COMPUTED_VALUE"""),"Berlaku") -> Berlaku | V43: =IFERROR(__xludf.DUMMYFUNCTION("""COMPUTED_VALUE"""),46340.0) -> 46340 | W43: =IFERROR(__xludf.DUMMYFUNCTION("""COMPUTED_VALUE"""),"Akan Habis") -> Akan Habis | Y43: =IFERROR(__xludf.DUMMYFUNCTION("""COMPUTED_VALUE"""),"Habis") -> Habis | Z43: =IFERROR(__xludf.DUMMYFUNCTION("""COMPUTED_VALUE"""),46333.0) -> 46333 | AA43: =IFERROR(__xludf.DUMMYFUNCTION("""COMPUTED_VALUE"""),"Berlaku") -> Berlaku | AB43: =IFERROR(__xludf.DUMMYFUNCTION("""COMPUTED_VALUE"""),46711.0) -> 46711 | AC43: =IFERROR(__xludf.DUMMYFUNCTION("""COMPUTED_VALUE"""),"Berlaku") -> Berlaku | AD43: =IFERROR(__xludf.DUMMYFUNCTION("""COMPUTED_VALUE"""),46340.0) -> 46340 | AE43: =IFERROR(__xludf.DUMMYFUNCTION("""COMPUTED_VALUE"""),"Berlaku") -> Berlaku | AF43: =IFERROR(__xludf.DUMMYFUNCTION("""COMPUTED_VALUE"""),"TUGU") -> TUGU | AG43: =IFERROR(__xludf.DUMMYFUNCTION("""COMPUTED_VALUE"""),"AKTIF ") -> AKTIF | AI43: =IFERROR(__xludf.DUMMYFUNCTION("""COMPUTED_VALUE"""),"Menggantikan MT AA1804AP milik PT Tanah Putih") -> Menggantikan MT AA1804AP milik PT Tanah Putih
A44: =IFERROR(__xludf.DUMMYFUNCTION("""COMPUTED_VALUE"""),59.0) -> 59 | B44: =IFERROR(__xludf.DUMMYFUNCTION("""COMPUTED_VALUE"""),"H9391OF") -> H9391OF | C44: =IFERROR(__xludf.DUMMYFUNCTION("""COMPUTED_VALUE"""),"8+8") -> 8+8 | D44: =IFERROR(__xludf.DUMMYFUNCTION("""COMPUTED_VALUE"""),16.0) -> 16 | E44: =IFERROR(__xludf.DUMMYFUNCTION("""COMPUTED_VALUE"""),"PT. ADHI BUANA PERSADA") -> PT. ADHI BUANA PERSADA | F44: =IFERROR(__xludf.DUMMYFUNCTION("""COMPUTED_VALUE"""),2023.0) -> 2023 | G44: =IFERROR(__xludf.DUMMYFUNCTION("""COMPUTED_VALUE"""),2023.0) -> 2023 | H44: =IFERROR(__xludf.DUMMYFUNCTION("""COMPUTED_VALUE"""),3.0) -> 3 | I44: =IFERROR(__xludf.DUMMYFUNCTION("""COMPUTED_VALUE"""),"FL8JN2A-PGJ (6X2) M/T") -> FL8JN2A-PGJ (6X2) M/T | J44: =IFERROR(__xludf.DUMMYFUNCTION("""COMPUTED_VALUE"""),7684.0) -> 7684 | K44: =IFERROR(__xludf.DUMMYFUNCTION("""COMPUTED_VALUE"""),"EURO 4") -> EURO 4 | L44: =IFERROR(__xludf.DUMMYFUNCTION("""COMPUTED_VALUE"""),"Standart") -> Standart | M44: =IFERROR(__xludf.DUMMYFUNCTION("""COMPUTED_VALUE"""),"Aweco") -> Aweco | N44: =IFERROR(__xludf.DUMMYFUNCTION("""COMPUTED_VALUE"""),2023.0) -> 2023 | O44: =IFERROR(__xludf.DUMMYFUNCTION("""COMPUTED_VALUE"""),3.0) -> 3 | P44: =IFERROR(__xludf.DUMMYFUNCTION("""COMPUTED_VALUE"""),"CS") -> CS | Q44: =IFERROR(__xludf.DUMMYFUNCTION("""COMPUTED_VALUE"""),"HINO") -> HINO | R44: =IFERROR(__xludf.DUMMYFUNCTION("""COMPUTED_VALUE"""),"J08EWEJ16893") -> J08EWEJ16893 | S44: =IFERROR(__xludf.DUMMYFUNCTION("""COMPUTED_VALUE"""),"MJEFL8JN2PJP10614") -> MJEFL8JN2PJP10614 | T44: =IFERROR(__xludf.DUMMYFUNCTION("""COMPUTED_VALUE"""),47071.0) -> 47071 | U44: =IFERROR(__xludf.DUMMYFUNCTION("""COMPUTED_VALUE"""),"Berlaku") -> Berlaku | V44: =IFERROR(__xludf.DUMMYFUNCTION("""COMPUTED_VALUE"""),46340.0) -> 46340 | W44: =IFERROR(__xludf.DUMMYFUNCTION("""COMPUTED_VALUE"""),"Akan Habis") -> Akan Habis | Y44: =IFERROR(__xludf.DUMMYFUNCTION("""COMPUTED_VALUE"""),"Habis") -> Habis | Z44: =IFERROR(__xludf.DUMMYFUNCTION("""COMPUTED_VALUE"""),46333.0) -> 46333 | AA44: =IFERROR(__xludf.DUMMYFUNCTION("""COMPUTED_VALUE"""),"Berlaku") -> Berlaku | AB44: =IFERROR(__xludf.DUMMYFUNCTION("""COMPUTED_VALUE"""),46526.0) -> 46526 | AC44: =IFERROR(__xludf.DUMMYFUNCTION("""COMPUTED_VALUE"""),"Berlaku") -> Berlaku | AD44: =IFERROR(__xludf.DUMMYFUNCTION("""COMPUTED_VALUE"""),46340.0) -> 46340 | AE44: =IFERROR(__xludf.DUMMYFUNCTION("""COMPUTED_VALUE"""),"Berlaku") -> Berlaku | AF44: =IFERROR(__xludf.DUMMYFUNCTION("""COMPUTED_VALUE"""),"TUGU") -> TUGU | AG44: =IFERROR(__xludf.DUMMYFUNCTION("""COMPUTED_VALUE"""),"AKTIF ") -> AKTIF | AI44: =IFERROR(__xludf.DUMMYFUNCTION("""COMPUTED_VALUE"""),"Menggantikan MT AA1940DF milik PT Tanah Putih") -> Menggantikan MT AA1940DF milik PT Tanah Putih
A45: =IFERROR(__xludf.DUMMYFUNCTION("""COMPUTED_VALUE"""),60.0) -> 60 | B45: =IFERROR(__xludf.DUMMYFUNCTION("""COMPUTED_VALUE"""),"H9392OF") -> H9392OF | C45: =IFERROR(__xludf.DUMMYFUNCTION("""COMPUTED_VALUE"""),"8+8") -> 8+8 | D45: =IFERROR(__xludf.DUMMYFUNCTION("""COMPUTED_VALUE"""),16.0) -> 16 | E45: =IFERROR(__xludf.DUMMYFUNCTION("""COMPUTED_VALUE"""),"PT. ADHI BUANA PERSADA") -> PT. ADHI BUANA PERSADA | F45: =IFERROR(__xludf.DUMMYFUNCTION("""COMPUTED_VALUE"""),2023.0) -> 2023 | G45: =IFERROR(__xludf.DUMMYFUNCTION("""COMPUTED_VALUE"""),2023.0) -> 2023 | H45: =IFERROR(__xludf.DUMMYFUNCTION("""COMPUTED_VALUE"""),3.0) -> 3 | I45: =IFERROR(__xludf.DUMMYFUNCTION("""COMPUTED_VALUE"""),"FL8JN2A-PGJ (6X2) M/T") -> FL8JN2A-PGJ (6X2) M/T | J45: =IFERROR(__xludf.DUMMYFUNCTION("""COMPUTED_VALUE"""),7684.0) -> 7684 | K45: =IFERROR(__xludf.DUMMYFUNCTION("""COMPUTED_VALUE"""),"EURO 4") -> EURO 4 | L45: =IFERROR(__xludf.DUMMYFUNCTION("""COMPUTED_VALUE"""),"Standart") -> Standart | M45: =IFERROR(__xludf.DUMMYFUNCTION("""COMPUTED_VALUE"""),"Aweco") -> Aweco | N45: =IFERROR(__xludf.DUMMYFUNCTION("""COMPUTED_VALUE"""),2023.0) -> 2023 | O45: =IFERROR(__xludf.DUMMYFUNCTION("""COMPUTED_VALUE"""),3.0) -> 3 | P45: =IFERROR(__xludf.DUMMYFUNCTION("""COMPUTED_VALUE"""),"CS") -> CS | Q45: =IFERROR(__xludf.DUMMYFUNCTION("""COMPUTED_VALUE"""),"HINO") -> HINO | R45: =IFERROR(__xludf.DUMMYFUNCTION("""COMPUTED_VALUE"""),"J08EWEJ16306") -> J08EWEJ16306 | S45: =IFERROR(__xludf.DUMMYFUNCTION("""COMPUTED_VALUE"""),"MJEFL8JN2PJP10541") -> MJEFL8JN2PJP10541 | T45: =IFERROR(__xludf.DUMMYFUNCTION("""COMPUTED_VALUE"""),47071.0) -> 47071 | U45: =IFERROR(__xludf.DUMMYFUNCTION("""COMPUTED_VALUE"""),"Berlaku") -> Berlaku | V45: =IFERROR(__xludf.DUMMYFUNCTION("""COMPUTED_VALUE"""),46340.0) -> 46340 | W45: =IFERROR(__xludf.DUMMYFUNCTION("""COMPUTED_VALUE"""),"Akan Habis") -> Akan Habis | Y45: =IFERROR(__xludf.DUMMYFUNCTION("""COMPUTED_VALUE"""),"Habis") -> Habis | Z45: =IFERROR(__xludf.DUMMYFUNCTION("""COMPUTED_VALUE"""),46333.0) -> 46333 | AA45: =IFERROR(__xludf.DUMMYFUNCTION("""COMPUTED_VALUE"""),"Berlaku") -> Berlaku | AB45: =IFERROR(__xludf.DUMMYFUNCTION("""COMPUTED_VALUE"""),46711.0) -> 46711 | AC45: =IFERROR(__xludf.DUMMYFUNCTION("""COMPUTED_VALUE"""),"Berlaku") -> Berlaku | AD45: =IFERROR(__xludf.DUMMYFUNCTION("""COMPUTED_VALUE"""),46340.0) -> 46340 | AE45: =IFERROR(__xludf.DUMMYFUNCTION("""COMPUTED_VALUE"""),"Berlaku") -> Berlaku | AF45: =IFERROR(__xludf.DUMMYFUNCTION("""COMPUTED_VALUE"""),"TUGU") -> TUGU | AG45: =IFERROR(__xludf.DUMMYFUNCTION("""COMPUTED_VALUE"""),"AKTIF ") -> AKTIF | AI45: =IFERROR(__xludf.DUMMYFUNCTION("""COMPUTED_VALUE"""),"Menggantikan MT AA1817FP milik PT Tanah Putih") -> Menggantikan MT AA1817FP milik PT Tanah Putih
A46: =IFERROR(__xludf.DUMMYFUNCTION("""COMPUTED_VALUE"""),63.0) -> 63 | B46: =IFERROR(__xludf.DUMMYFUNCTION("""COMPUTED_VALUE"""),"H9155OF") -> H9155OF | C46: =IFERROR(__xludf.DUMMYFUNCTION("""COMPUTED_VALUE"""),"8+8") -> 8+8 | D46: =IFERROR(__xludf.DUMMYFUNCTION("""COMPUTED_VALUE"""),16.0) -> 16 | E46: =IFERROR(__xludf.DUMMYFUNCTION("""COMPUTED_VALUE"""),"PT. LUMAS PRIMA") -> PT. LUMAS PRIMA | F46: =IFERROR(__xludf.DUMMYFUNCTION("""COMPUTED_VALUE"""),2018.0) -> 2018 | G46: =IFERROR(__xludf.DUMMYFUNCTION("""COMPUTED_VALUE"""),2018.0) -> 2018 | H46: =IFERROR(__xludf.DUMMYFUNCTION("""COMPUTED_VALUE"""),8.0) -> 8 | I46: =IFERROR(__xludf.DUMMYFUNCTION("""COMPUTED_VALUE"""),"FVM34Q") -> FVM34Q | J46: =IFERROR(__xludf.DUMMYFUNCTION("""COMPUTED_VALUE"""),7790.0) -> 7790 | K46: =IFERROR(__xludf.DUMMYFUNCTION("""COMPUTED_VALUE"""),"EURO 2") -> EURO 2 | L46: =IFERROR(__xludf.DUMMYFUNCTION("""COMPUTED_VALUE"""),"PTO") -> PTO | M46: =IFERROR(__xludf.DUMMYFUNCTION("""COMPUTED_VALUE"""),"Geluran Adikarya") -> Geluran Adikarya | N46: =IFERROR(__xludf.DUMMYFUNCTION("""COMPUTED_VALUE"""),2018.0) -> 2018 | O46: =IFERROR(__xludf.DUMMYFUNCTION("""COMPUTED_VALUE"""),8.0) -> 8 | P46: =IFERROR(__xludf.DUMMYFUNCTION("""COMPUTED_VALUE"""),"CS") -> CS | Q46: =IFERROR(__xludf.DUMMYFUNCTION("""COMPUTED_VALUE"""),"ISUZU") -> ISUZU | R46: =IFERROR(__xludf.DUMMYFUNCTION("""COMPUTED_VALUE"""),"6HK1F006667") -> 6HK1F006667 | S46: =IFERROR(__xludf.DUMMYFUNCTION("""COMPUTED_VALUE"""),"MHCFVM341JJ000436") -> MHCFVM341JJ000436 | T46: =IFERROR(__xludf.DUMMYFUNCTION("""COMPUTED_VALUE"""),46999.0) -> 46999 | U46: =IFERROR(__xludf.DUMMYFUNCTION("""COMPUTED_VALUE"""),"Berlaku") -> Berlaku | V46: =IFERROR(__xludf.DUMMYFUNCTION("""COMPUTED_VALUE"""),46633.0) -> 46633 | W46: =IFERROR(__xludf.DUMMYFUNCTION("""COMPUTED_VALUE"""),"Berlaku") -> Berlaku | Y46: =IFERROR(__xludf.DUMMYFUNCTION("""COMPUTED_VALUE"""),"Habis") -> Habis | Z46: =IFERROR(__xludf.DUMMYFUNCTION("""COMPUTED_VALUE"""),46445.0) -> 46445 | AA46: =IFERROR(__xludf.DUMMYFUNCTION("""COMPUTED_VALUE"""),"Berlaku") -> Berlaku | AB46: =IFERROR(__xludf.DUMMYFUNCTION("""COMPUTED_VALUE"""),46648.0) -> 46648 | AC46: =IFERROR(__xludf.DUMMYFUNCTION("""COMPUTED_VALUE"""),"Berlaku") -> Berlaku | AD46: =IFERROR(__xludf.DUMMYFUNCTION("""COMPUTED_VALUE"""),46340.0) -> 46340 | AE46: =IFERROR(__xludf.DUMMYFUNCTION("""COMPUTED_VALUE"""),"Berlaku") -> Berlaku | AF46: =IFERROR(__xludf.DUMMYFUNCTION("""COMPUTED_VALUE"""),"TUGU") -> TUGU | AG46: =IFERROR(__xludf.DUMMYFUNCTION("""COMPUTED_VALUE"""),"AKTIF ") -> AKTIF | AI46: =IFERROR(__xludf.DUMMYFUNCTION("""COMPUTED_VALUE"""),"No pol lama H1429FA") -> No pol lama H1429FA
A47: =IFERROR(__xludf.DUMMYFUNCTION("""COMPUTED_VALUE"""),64.0) -> 64 | B47: =IFERROR(__xludf.DUMMYFUNCTION("""COMPUTED_VALUE"""),"H9771OF") -> H9771OF | C47: =IFERROR(__xludf.DUMMYFUNCTION("""COMPUTED_VALUE"""),"8+8") -> 8+8 | D47: =IFERROR(__xludf.DUMMYFUNCTION("""COMPUTED_VALUE"""),16.0) -> 16 | E47: =IFERROR(__xludf.DUMMYFUNCTION("""COMPUTED_VALUE"""),"PT. LUMAS BIRU MANDIRI") -> PT. LUMAS BIRU MANDIRI | F47: =IFERROR(__xludf.DUMMYFUNCTION("""COMPUTED_VALUE"""),2023.0) -> 2023 | G47: =IFERROR(__xludf.DUMMYFUNCTION("""COMPUTED_VALUE"""),2024.0) -> 2024 | H47: =IFERROR(__xludf.DUMMYFUNCTION("""COMPUTED_VALUE"""),3.0) -> 3 | I47: =IFERROR(__xludf.DUMMYFUNCTION("""COMPUTED_VALUE"""),"FL8JN2A-PGJ (6X2) M/T") -> FL8JN2A-PGJ (6X2) M/T | J47: =IFERROR(__xludf.DUMMYFUNCTION("""COMPUTED_VALUE"""),7684.0) -> 7684 | K47: =IFERROR(__xludf.DUMMYFUNCTION("""COMPUTED_VALUE"""),"EURO 4") -> EURO 4 | L47: =IFERROR(__xludf.DUMMYFUNCTION("""COMPUTED_VALUE"""),"Standart") -> Standart | M47: =IFERROR(__xludf.DUMMYFUNCTION("""COMPUTED_VALUE"""),"Aweco") -> Aweco | N47: =IFERROR(__xludf.DUMMYFUNCTION("""COMPUTED_VALUE"""),2023.0) -> 2023 | O47: =IFERROR(__xludf.DUMMYFUNCTION("""COMPUTED_VALUE"""),3.0) -> 3 | P47: =IFERROR(__xludf.DUMMYFUNCTION("""COMPUTED_VALUE"""),"CS") -> CS | Q47: =IFERROR(__xludf.DUMMYFUNCTION("""COMPUTED_VALUE"""),"HINO") -> HINO | R47: =IFERROR(__xludf.DUMMYFUNCTION("""COMPUTED_VALUE"""),"J08EWEJ17352") -> J08EWEJ17352 | S47: =IFERROR(__xludf.DUMMYFUNCTION("""COMPUTED_VALUE"""),"MJEFL8JN2PJP10693") -> MJEFL8JN2PJP10693 | T47: =IFERROR(__xludf.DUMMYFUNCTION("""COMPUTED_VALUE"""),47199.0) -> 47199 | U47: =IFERROR(__xludf.DUMMYFUNCTION("""COMPUTED_VALUE"""),"Berlaku") -> Berlaku | V47: =IFERROR(__xludf.DUMMYFUNCTION("""COMPUTED_VALUE"""),46468.0) -> 46468 | W47: =IFERROR(__xludf.DUMMYFUNCTION("""COMPUTED_VALUE"""),"Berlaku") -> Berlaku | Y47: =IFERROR(__xludf.DUMMYFUNCTION("""COMPUTED_VALUE"""),"Habis") -> Habis | Z47: =IFERROR(__xludf.DUMMYFUNCTION("""COMPUTED_VALUE"""),46304.0) -> 46304 | AA47: =IFERROR(__xludf.DUMMYFUNCTION("""COMPUTED_VALUE"""),"Akan Habis") -> Akan Habis | AB47: =IFERROR(__xludf.DUMMYFUNCTION("""COMPUTED_VALUE"""),47014.0) -> 47014 | AC47: =IFERROR(__xludf.DUMMYFUNCTION("""COMPUTED_VALUE"""),"Berlaku") -> Berlaku | AD47: =IFERROR(__xludf.DUMMYFUNCTION("""COMPUTED_VALUE"""),46304.0) -> 46304 | AE47: =IFERROR(__xludf.DUMMYFUNCTION("""COMPUTED_VALUE"""),"Akan Habis") -> Akan Habis | AF47: =IFERROR(__xludf.DUMMYFUNCTION("""COMPUTED_VALUE"""),"MANDIRI") -> MANDIRI | AG47: =IFERROR(__xludf.DUMMYFUNCTION("""COMPUTED_VALUE"""),"AKTIF ") -> AKTIF | AI47: =IFERROR(__xludf.DUMMYFUNCTION("""COMPUTED_VALUE"""),"Menggantikan mt no pol R9912CR (R1993DS PERUBAHAN NO POL (PERPANJANG PAJAK) PT Satu Hati tgl 22 Mei 2024 akan afkir dan tidak diremajakan (akan diremajakan oleh PT Lumas Biru Mandiri)") -> Menggantikan mt no pol R9912CR (R1993DS PERUBAHAN NO POL (PERPANJANG PAJAK) PT Satu Hati tgl 22 Mei 2024 akan afkir dan tidak diremajakan (akan diremajakan oleh PT Lumas Biru Mandiri)
A48: =IFERROR(__xludf.DUMMYFUNCTION("""COMPUTED_VALUE"""),65.0) -> 65 | B48: =IFERROR(__xludf.DUMMYFUNCTION("""COMPUTED_VALUE"""),"H8481OH") -> H8481OH | C48: =IFERROR(__xludf.DUMMYFUNCTION("""COMPUTED_VALUE"""),"8+8") -> 8+8 | D48: =IFERROR(__xludf.DUMMYFUNCTION("""COMPUTED_VALUE"""),16.0) -> 16 | E48: =IFERROR(__xludf.DUMMYFUNCTION("""COMPUTED_VALUE"""),"PT. LUMAS BIRU MANDIRI") -> PT. LUMAS BIRU MANDIRI | F48: =IFERROR(__xludf.DUMMYFUNCTION("""COMPUTED_VALUE"""),2024.0) -> 2024 | G48: =IFERROR(__xludf.DUMMYFUNCTION("""COMPUTED_VALUE"""),2024.0) -> 2024 | H48: =IFERROR(__xludf.DUMMYFUNCTION("""COMPUTED_VALUE"""),2.0) -> 2 | I48: =IFERROR(__xludf.DUMMYFUNCTION("""COMPUTED_VALUE"""),"FL8JN2A-PGJ (6X2) M/T") -> FL8JN2A-PGJ (6X2) M/T | J48: =IFERROR(__xludf.DUMMYFUNCTION("""COMPUTED_VALUE"""),7684.0) -> 7684 | K48: =IFERROR(__xludf.DUMMYFUNCTION("""COMPUTED_VALUE"""),"EURO 4") -> EURO 4 | L48: =IFERROR(__xludf.DUMMYFUNCTION("""COMPUTED_VALUE"""),"Standart") -> Standart | M48: =IFERROR(__xludf.DUMMYFUNCTION("""COMPUTED_VALUE"""),"Meco") -> Meco | N48: =IFERROR(__xludf.DUMMYFUNCTION("""COMPUTED_VALUE"""),2024.0) -> 2024 | O48: =IFERROR(__xludf.DUMMYFUNCTION("""COMPUTED_VALUE"""),2.0) -> 2 | P48: =IFERROR(__xludf.DUMMYFUNCTION("""COMPUTED_VALUE"""),"CS") -> CS | Q48: =IFERROR(__xludf.DUMMYFUNCTION("""COMPUTED_VALUE"""),"HINO") -> HINO | R48: =IFERROR(__xludf.DUMMYFUNCTION("""COMPUTED_VALUE"""),"J08EWEJ19776") -> J08EWEJ19776 | S48: =IFERROR(__xludf.DUMMYFUNCTION("""COMPUTED_VALUE"""),"MJEFL8JN2RJP10944") -> MJEFL8JN2RJP10944 | T48: =IFERROR(__xludf.DUMMYFUNCTION("""COMPUTED_VALUE"""),47360.0) -> 47360 | U48: =IFERROR(__xludf.DUMMYFUNCTION("""COMPUTED_VALUE"""),"Berlaku") -> Berlaku | V48: =IFERROR(__xludf.DUMMYFUNCTION("""COMPUTED_VALUE"""),46629.0) -> 46629 | W48: =IFERROR(__xludf.DUMMYFUNCTION("""COMPUTED_VALUE"""),"Berlaku") -> Berlaku | Y48: =IFERROR(__xludf.DUMMYFUNCTION("""COMPUTED_VALUE"""),"Habis") -> Habis | Z48: =IFERROR(__xludf.DUMMYFUNCTION("""COMPUTED_VALUE"""),46277.0) -> 46277 | AA48: =IFERROR(__xludf.DUMMYFUNCTION("""COMPUTED_VALUE"""),"Habis") -> Habis | AB48: =IFERROR(__xludf.DUMMYFUNCTION("""COMPUTED_VALUE"""),47007.0) -> 47007 | AC48: =IFERROR(__xludf.DUMMYFUNCTION("""COMPUTED_VALUE"""),"Berlaku") -> Berlaku | AD48: =IFERROR(__xludf.DUMMYFUNCTION("""COMPUTED_VALUE"""),46340.0) -> 46340 | AE48: =IFERROR(__xludf.DUMMYFUNCTION("""COMPUTED_VALUE"""),"Berlaku") -> Berlaku | AF48: =IFERROR(__xludf.DUMMYFUNCTION("""COMPUTED_VALUE"""),"MANDIRI") -> MANDIRI | AG48: =IFERROR(__xludf.DUMMYFUNCTION("""COMPUTED_VALUE"""),"AKTIF ") -> AKTIF | AI48: =IFERROR(__xludf.DUMMYFUNCTION("""COMPUTED_VALUE"""),"R1998DS PT SATU HATI TIDAK DIREMAJAKAN") -> R1998DS PT SATU HATI TIDAK DIREMAJAKAN
A49: =IFERROR(__xludf.DUMMYFUNCTION("""COMPUTED_VALUE"""),66.0) -> 66 | B49: =IFERROR(__xludf.DUMMYFUNCTION("""COMPUTED_VALUE"""),"H8428OH") -> H8428OH | C49: =IFERROR(__xludf.DUMMYFUNCTION("""COMPUTED_VALUE"""),"4+4") -> 4+4 | D49: =IFERROR(__xludf.DUMMYFUNCTION("""COMPUTED_VALUE"""),8.0) -> 8 | E49: =IFERROR(__xludf.DUMMYFUNCTION("""COMPUTED_VALUE"""),"PT. LUMAS BIRU MANDIRI") -> PT. LUMAS BIRU MANDIRI | F49: =IFERROR(__xludf.DUMMYFUNCTION("""COMPUTED_VALUE"""),2024.0) -> 2024 | G49: =IFERROR(__xludf.DUMMYFUNCTION("""COMPUTED_VALUE"""),2024.0) -> 2024 | H49: =IFERROR(__xludf.DUMMYFUNCTION("""COMPUTED_VALUE"""),2.0) -> 2 | I49: =IFERROR(__xludf.DUMMYFUNCTION("""COMPUTED_VALUE"""),"FIGHTER FM65FS HI GEAR (4X2) M/T") -> FIGHTER FM65FS HI GEAR (4X2) M/T | J49: =IFERROR(__xludf.DUMMYFUNCTION("""COMPUTED_VALUE"""),7545.0) -> 7545 | K49: =IFERROR(__xludf.DUMMYFUNCTION("""COMPUTED_VALUE"""),"EURO 4") -> EURO 4 | L49: =IFERROR(__xludf.DUMMYFUNCTION("""COMPUTED_VALUE"""),"Standart") -> Standart | M49: =IFERROR(__xludf.DUMMYFUNCTION("""COMPUTED_VALUE"""),"Antika Raya") -> Antika Raya | N49: =IFERROR(__xludf.DUMMYFUNCTION("""COMPUTED_VALUE"""),2024.0) -> 2024 | O49: =IFERROR(__xludf.DUMMYFUNCTION("""COMPUTED_VALUE"""),2.0) -> 2 | P49: =IFERROR(__xludf.DUMMYFUNCTION("""COMPUTED_VALUE"""),"CS") -> CS | Q49: =IFERROR(__xludf.DUMMYFUNCTION("""COMPUTED_VALUE"""),"MITSUBISHI") -> MITSUBISHI | R49: =IFERROR(__xludf.DUMMYFUNCTION("""COMPUTED_VALUE"""),"6M60305513") -> 6M60305513 | S49: =IFERROR(__xludf.DUMMYFUNCTION("""COMPUTED_VALUE"""),"MHMFM65GARK000495") -> MHMFM65GARK000495 | T49: =IFERROR(__xludf.DUMMYFUNCTION("""COMPUTED_VALUE"""),47337.0) -> 47337 | U49: =IFERROR(__xludf.DUMMYFUNCTION("""COMPUTED_VALUE"""),"Berlaku") -> Berlaku | V49: =IFERROR(__xludf.DUMMYFUNCTION("""COMPUTED_VALUE"""),46606.0) -> 46606 | W49: =IFERROR(__xludf.DUMMYFUNCTION("""COMPUTED_VALUE"""),"Berlaku") -> Berlaku | Y49: =IFERROR(__xludf.DUMMYFUNCTION("""COMPUTED_VALUE"""),"Habis") -> Habis | Z49: =IFERROR(__xludf.DUMMYFUNCTION("""COMPUTED_VALUE"""),46449.0) -> 46449 | AA49: =IFERROR(__xludf.DUMMYFUNCTION("""COMPUTED_VALUE"""),"Berlaku") -> Berlaku | AB49: =IFERROR(__xludf.DUMMYFUNCTION("""COMPUTED_VALUE"""),46962.0) -> 46962 | AC49: =IFERROR(__xludf.DUMMYFUNCTION("""COMPUTED_VALUE"""),"Berlaku") -> Berlaku | AD49: =IFERROR(__xludf.DUMMYFUNCTION("""COMPUTED_VALUE"""),46302.0) -> 46302 | AE49: =IFERROR(__xludf.DUMMYFUNCTION("""COMPUTED_VALUE"""),"Habis dalam 7-1 Hari") -> Habis dalam 7-1 Hari | AF49: =IFERROR(__xludf.DUMMYFUNCTION("""COMPUTED_VALUE"""),"MANDIRI") -> MANDIRI | AG49: =IFERROR(__xludf.DUMMYFUNCTION("""COMPUTED_VALUE"""),"AKTIF ") -> AKTIF | AI49: =IFERROR(__xludf.DUMMYFUNCTION("""COMPUTED_VALUE"""),"AA1937DF TIDAK DIREMAJAKAN milik PT Tanah Putih") -> AA1937DF TIDAK DIREMAJAKAN milik PT Tanah Putih
A50: =IFERROR(__xludf.DUMMYFUNCTION("""COMPUTED_VALUE"""),67.0) -> 67 | B50: =IFERROR(__xludf.DUMMYFUNCTION("""COMPUTED_VALUE"""),"H9536OH") -> H9536OH | C50: =IFERROR(__xludf.DUMMYFUNCTION("""COMPUTED_VALUE"""),"8+8") -> 8+8 | D50: =IFERROR(__xludf.DUMMYFUNCTION("""COMPUTED_VALUE"""),16.0) -> 16 | E50: =IFERROR(__xludf.DUMMYFUNCTION("""COMPUTED_VALUE"""),"PT. LUMAS BIRU MANDIRI") -> PT. LUMAS BIRU MANDIRI | F50: =IFERROR(__xludf.DUMMYFUNCTION("""COMPUTED_VALUE"""),2024.0) -> 2024 | G50: =IFERROR(__xludf.DUMMYFUNCTION("""COMPUTED_VALUE"""),2024.0) -> 2024 | H50: =IFERROR(__xludf.DUMMYFUNCTION("""COMPUTED_VALUE"""),2.0) -> 2 | I50: =IFERROR(__xludf.DUMMYFUNCTION("""COMPUTED_VALUE"""),"FL8JN2A-PGJ (6X2)M/T TRONTON") -> FL8JN2A-PGJ (6X2)M/T TRONTON | J50: =IFERROR(__xludf.DUMMYFUNCTION("""COMPUTED_VALUE"""),7684.0) -> 7684 | K50: =IFERROR(__xludf.DUMMYFUNCTION("""COMPUTED_VALUE"""),"EURO 4") -> EURO 4 | L50: =IFERROR(__xludf.DUMMYFUNCTION("""COMPUTED_VALUE"""),"PTO") -> PTO | M50: =IFERROR(__xludf.DUMMYFUNCTION("""COMPUTED_VALUE"""),"MECO") -> MECO | N50: =IFERROR(__xludf.DUMMYFUNCTION("""COMPUTED_VALUE"""),2025.0) -> 2025 | O50: =IFERROR(__xludf.DUMMYFUNCTION("""COMPUTED_VALUE"""),1.0) -> 1 | P50: =IFERROR(__xludf.DUMMYFUNCTION("""COMPUTED_VALUE"""),"CS") -> CS | Q50: =IFERROR(__xludf.DUMMYFUNCTION("""COMPUTED_VALUE"""),"HINO") -> HINO | R50: =IFERROR(__xludf.DUMMYFUNCTION("""COMPUTED_VALUE"""),"J08EWEJ23732") -> J08EWEJ23732 | S50: =IFERROR(__xludf.DUMMYFUNCTION("""COMPUTED_VALUE"""),"MJEFL8JN2RJP11444") -> MJEFL8JN2RJP11444 | T50: =IFERROR(__xludf.DUMMYFUNCTION("""COMPUTED_VALUE"""),47673.0) -> 47673 | U50: =IFERROR(__xludf.DUMMYFUNCTION("""COMPUTED_VALUE"""),"Berlaku") -> Berlaku | V50: =IFERROR(__xludf.DUMMYFUNCTION("""COMPUTED_VALUE"""),46577.0) -> 46577 | W50: =IFERROR(__xludf.DUMMYFUNCTION("""COMPUTED_VALUE"""),"Berlaku") -> Berlaku | Y50: =IFERROR(__xludf.DUMMYFUNCTION("""COMPUTED_VALUE"""),"Habis") -> Habis | Z50: =IFERROR(__xludf.DUMMYFUNCTION("""COMPUTED_VALUE"""),46437.0) -> 46437 | AA50: =IFERROR(__xludf.DUMMYFUNCTION("""COMPUTED_VALUE"""),"Berlaku") -> Berlaku | AB50: =IFERROR(__xludf.DUMMYFUNCTION("""COMPUTED_VALUE"""),46625.0) -> 46625 | AC50: =IFERROR(__xludf.DUMMYFUNCTION("""COMPUTED_VALUE"""),"Berlaku") -> Berlaku | AD50: =IFERROR(__xludf.DUMMYFUNCTION("""COMPUTED_VALUE"""),46340.0) -> 46340 | AE50: =IFERROR(__xludf.DUMMYFUNCTION("""COMPUTED_VALUE"""),"Berlaku") -> Berlaku | AF50: =IFERROR(__xludf.DUMMYFUNCTION("""COMPUTED_VALUE"""),"MANDIRI") -> MANDIRI | AG50: =IFERROR(__xludf.DUMMYFUNCTION("""COMPUTED_VALUE"""),"AKTIF ") -> AKTIF | AI50: =IFERROR(__xludf.DUMMYFUNCTION("""COMPUTED_VALUE"""),"Nopol Lama B9141SFU") -> Nopol Lama B9141SFU
A51: =IFERROR(__xludf.DUMMYFUNCTION("""COMPUTED_VALUE"""),68.0) -> 68 | B51: =IFERROR(__xludf.DUMMYFUNCTION("""COMPUTED_VALUE"""),"H9013OH") -> H9013OH | C51: =IFERROR(__xludf.DUMMYFUNCTION("""COMPUTED_VALUE"""),"8+8") -> 8+8 | D51: =IFERROR(__xludf.DUMMYFUNCTION("""COMPUTED_VALUE"""),16.0) -> 16 | E51: =IFERROR(__xludf.DUMMYFUNCTION("""COMPUTED_VALUE"""),"PT. LUMAS BIRU MANDIRI") -> PT. LUMAS BIRU MANDIRI | F51: =IFERROR(__xludf.DUMMYFUNCTION("""COMPUTED_VALUE"""),2024.0) -> 2024 | G51: =IFERROR(__xludf.DUMMYFUNCTION("""COMPUTED_VALUE"""),2025.0) -> 2025 | H51: =IFERROR(__xludf.DUMMYFUNCTION("""COMPUTED_VALUE"""),2.0) -> 2 | I51: =IFERROR(__xludf.DUMMYFUNCTION("""COMPUTED_VALUE"""),"FM8JN2D-XGJ") -> FM8JN2D-XGJ | J51: =IFERROR(__xludf.DUMMYFUNCTION("""COMPUTED_VALUE"""),7684.0) -> 7684 | K51: =IFERROR(__xludf.DUMMYFUNCTION("""COMPUTED_VALUE"""),"EURO 4") -> EURO 4 | L51: =IFERROR(__xludf.DUMMYFUNCTION("""COMPUTED_VALUE"""),"Standart") -> Standart | M51: =IFERROR(__xludf.DUMMYFUNCTION("""COMPUTED_VALUE"""),"Meco") -> Meco | N51: =IFERROR(__xludf.DUMMYFUNCTION("""COMPUTED_VALUE"""),2025.0) -> 2025 | O51: =IFERROR(__xludf.DUMMYFUNCTION("""COMPUTED_VALUE"""),1.0) -> 1 | P51: =IFERROR(__xludf.DUMMYFUNCTION("""COMPUTED_VALUE"""),"AA") -> AA | Q51: =IFERROR(__xludf.DUMMYFUNCTION("""COMPUTED_VALUE"""),"HINO") -> HINO | R51: =IFERROR(__xludf.DUMMYFUNCTION("""COMPUTED_VALUE"""),"J08EWDJ42293") -> J08EWDJ42293 | S51: =IFERROR(__xludf.DUMMYFUNCTION("""COMPUTED_VALUE"""),"MJEFM8JN2RJX27440") -> MJEFM8JN2RJX27440 | T51: =IFERROR(__xludf.DUMMYFUNCTION("""COMPUTED_VALUE"""),47563.0) -> 47563 | U51: =IFERROR(__xludf.DUMMYFUNCTION("""COMPUTED_VALUE"""),"Berlaku") -> Berlaku | V51: =IFERROR(__xludf.DUMMYFUNCTION("""COMPUTED_VALUE"""),46467.0) -> 46467 | W51: =IFERROR(__xludf.DUMMYFUNCTION("""COMPUTED_VALUE"""),"Berlaku") -> Berlaku | Y51: =IFERROR(__xludf.DUMMYFUNCTION("""COMPUTED_VALUE"""),"Habis") -> Habis | Z51: =IFERROR(__xludf.DUMMYFUNCTION("""COMPUTED_VALUE"""),46449.0) -> 46449 | AA51: =IFERROR(__xludf.DUMMYFUNCTION("""COMPUTED_VALUE"""),"Berlaku") -> Berlaku | AB51: =IFERROR(__xludf.DUMMYFUNCTION("""COMPUTED_VALUE"""),46492.0) -> 46492 | AC51: =IFERROR(__xludf.DUMMYFUNCTION("""COMPUTED_VALUE"""),"Berlaku") -> Berlaku | AD51: =IFERROR(__xludf.DUMMYFUNCTION("""COMPUTED_VALUE"""),46302.0) -> 46302 | AE51: =IFERROR(__xludf.DUMMYFUNCTION("""COMPUTED_VALUE"""),"Habis dalam 7-1 Hari") -> Habis dalam 7-1 Hari | AF51: =IFERROR(__xludf.DUMMYFUNCTION("""COMPUTED_VALUE"""),"MANDIRI") -> MANDIRI | AG51: =IFERROR(__xludf.DUMMYFUNCTION("""COMPUTED_VALUE"""),"AKTIF ") -> AKTIF | AI51: =IFERROR(__xludf.DUMMYFUNCTION("""COMPUTED_VALUE"""),"Meremakajan MT milik double gardan 16 KL B 9506 SFU") -> Meremakajan MT milik double gardan 16 KL B 9506 SFU
A52: =IFERROR(__xludf.DUMMYFUNCTION("""COMPUTED_VALUE"""),69.0) -> 69 | B52: =IFERROR(__xludf.DUMMYFUNCTION("""COMPUTED_VALUE"""),"G9534OA") -> G9534OA | C52: =IFERROR(__xludf.DUMMYFUNCTION("""COMPUTED_VALUE"""),"8+8+8") -> 8+8+8 | D52: =IFERROR(__xludf.DUMMYFUNCTION("""COMPUTED_VALUE"""),24.0) -> 24 | E52: =IFERROR(__xludf.DUMMYFUNCTION("""COMPUTED_VALUE"""),"PT. MURNI ADHI DUKUH JAYA") -> PT. MURNI ADHI DUKUH JAYA | F52: =IFERROR(__xludf.DUMMYFUNCTION("""COMPUTED_VALUE"""),2025.0) -> 2025 | G52: =IFERROR(__xludf.DUMMYFUNCTION("""COMPUTED_VALUE"""),2026.0) -> 2026 | H52: =IFERROR(__xludf.DUMMYFUNCTION("""COMPUTED_VALUE"""),1.0) -> 1 | I52: =IFERROR(__xludf.DUMMYFUNCTION("""COMPUTED_VALUE"""),"SG8JF2B-XGJ M/T TRACTOR HEAD") -> SG8JF2B-XGJ M/T TRACTOR HEAD | J52: =IFERROR(__xludf.DUMMYFUNCTION("""COMPUTED_VALUE"""),7684.0) -> 7684 | K52: =IFERROR(__xludf.DUMMYFUNCTION("""COMPUTED_VALUE"""),"EURO 4") -> EURO 4 | L52: =IFERROR(__xludf.DUMMYFUNCTION("""COMPUTED_VALUE"""),"Standart") -> Standart | M52: =IFERROR(__xludf.DUMMYFUNCTION("""COMPUTED_VALUE"""),"Geluran Adikarya") -> Geluran Adikarya | N52: =IFERROR(__xludf.DUMMYFUNCTION("""COMPUTED_VALUE"""),2016.0) -> 2016 | O52: =IFERROR(__xludf.DUMMYFUNCTION("""COMPUTED_VALUE"""),10.0) -> 10 | P52: =IFERROR(__xludf.DUMMYFUNCTION("""COMPUTED_VALUE"""),"AA") -> AA | Q52: =IFERROR(__xludf.DUMMYFUNCTION("""COMPUTED_VALUE"""),"HINO 500") -> HINO 500 | R52: =IFERROR(__xludf.DUMMYFUNCTION("""COMPUTED_VALUE"""),"J08EWDJ48244") -> J08EWDJ48244 | S52: =IFERROR(__xludf.DUMMYFUNCTION("""COMPUTED_VALUE"""),"MJESG8JF2SJX12436") -> MJESG8JF2SJX12436 | T52: =IFERROR(__xludf.DUMMYFUNCTION("""COMPUTED_VALUE"""),47937.0) -> 47937 | U52: =IFERROR(__xludf.DUMMYFUNCTION("""COMPUTED_VALUE"""),"Berlaku") -> Berlaku | V52: =IFERROR(__xludf.DUMMYFUNCTION("""COMPUTED_VALUE"""),46476.0) -> 46476 | W52: =IFERROR(__xludf.DUMMYFUNCTION("""COMPUTED_VALUE"""),"Berlaku") -> Berlaku | X52: =IFERROR(__xludf.DUMMYFUNCTION("""COMPUTED_VALUE"""),46301.0) -> 46301 | Y52: =IFERROR(__xludf.DUMMYFUNCTION("""COMPUTED_VALUE"""),"Habis dalam 7-1 Hari") -> Habis dalam 7-1 Hari | Z52: =IFERROR(__xludf.DUMMYFUNCTION("""COMPUTED_VALUE"""),46483.0) -> 46483 | AA52: =IFERROR(__xludf.DUMMYFUNCTION("""COMPUTED_VALUE"""),"Berlaku") -> Berlaku | AB52: =IFERROR(__xludf.DUMMYFUNCTION("""COMPUTED_VALUE"""),46856.0) -> 46856 | AC52: =IFERROR(__xludf.DUMMYFUNCTION("""COMPUTED_VALUE"""),"Berlaku") -> Berlaku | AD52: =IFERROR(__xludf.DUMMYFUNCTION("""COMPUTED_VALUE"""),46320.0) -> 46320 | AE52: =IFERROR(__xludf.DUMMYFUNCTION("""COMPUTED_VALUE"""),"Berlaku") -> Berlaku | AF52: =IFERROR(__xludf.DUMMYFUNCTION("""COMPUTED_VALUE"""),"TUGU") -> TUGU | AG52: =IFERROR(__xludf.DUMMYFUNCTION("""COMPUTED_VALUE"""),"AKTIF ") -> AKTIF | AI52: =IFERROR(__xludf.DUMMYFUNCTION("""COMPUTED_VALUE"""),"MEREMAJAKAN MT G9047OA") -> MEREMAJAKAN MT G9047OA
A53: =IFERROR(__xludf.DUMMYFUNCTION("""COMPUTED_VALUE"""),71.0) -> 71 | B53: =IFERROR(__xludf.DUMMYFUNCTION("""COMPUTED_VALUE"""),"G9214OA") -> G9214OA | C53: =IFERROR(__xludf.DUMMYFUNCTION("""COMPUTED_VALUE"""),"8+8+8") -> 8+8+8 | D53: =IFERROR(__xludf.DUMMYFUNCTION("""COMPUTED_VALUE"""),24.0) -> 24 | E53: =IFERROR(__xludf.DUMMYFUNCTION("""COMPUTED_VALUE"""),"PT. MURNI ADHI DUKUH JAYA") -> PT. MURNI ADHI DUKUH JAYA | F53: =IFERROR(__xludf.DUMMYFUNCTION("""COMPUTED_VALUE"""),2022.0) -> 2022 | G53: =IFERROR(__xludf.DUMMYFUNCTION("""COMPUTED_VALUE"""),2022.0) -> 2022 | H53: =IFERROR(__xludf.DUMMYFUNCTION("""COMPUTED_VALUE"""),4.0) -> 4 | I53: =IFERROR(__xludf.DUMMYFUNCTION("""COMPUTED_VALUE"""),"SG8JF2B-XGJ (4X2)") -> SG8JF2B-XGJ (4X2) | J53: =IFERROR(__xludf.DUMMYFUNCTION("""COMPUTED_VALUE"""),7684.0) -> 7684 | K53: =IFERROR(__xludf.DUMMYFUNCTION("""COMPUTED_VALUE"""),"EURO 4") -> EURO 4 | L53: =IFERROR(__xludf.DUMMYFUNCTION("""COMPUTED_VALUE"""),"Standart") -> Standart | M53: =IFERROR(__xludf.DUMMYFUNCTION("""COMPUTED_VALUE"""),"Aweco") -> Aweco | N53: =IFERROR(__xludf.DUMMYFUNCTION("""COMPUTED_VALUE"""),2012.0) -> 2012 | O53: =IFERROR(__xludf.DUMMYFUNCTION("""COMPUTED_VALUE"""),14.0) -> 14 | P53: =IFERROR(__xludf.DUMMYFUNCTION("""COMPUTED_VALUE"""),"AA") -> AA | Q53: =IFERROR(__xludf.DUMMYFUNCTION("""COMPUTED_VALUE"""),"HINO 500") -> HINO 500 | R53: =IFERROR(__xludf.DUMMYFUNCTION("""COMPUTED_VALUE"""),"J08EWDJ10869") -> J08EWDJ10869 | S53: =IFERROR(__xludf.DUMMYFUNCTION("""COMPUTED_VALUE"""),"MJESG8JF2NJX10053") -> MJESG8JF2NJX10053 | T53: =IFERROR(__xludf.DUMMYFUNCTION("""COMPUTED_VALUE"""),46639.0) -> 46639 | U53: =IFERROR(__xludf.DUMMYFUNCTION("""COMPUTED_VALUE"""),"Berlaku") -> Berlaku | V53: =IFERROR(__xludf.DUMMYFUNCTION("""COMPUTED_VALUE"""),46639.0) -> 46639 | W53: =IFERROR(__xludf.DUMMYFUNCTION("""COMPUTED_VALUE"""),"Berlaku") -> Berlaku | X53: =IFERROR(__xludf.DUMMYFUNCTION("""COMPUTED_VALUE"""),46301.0) -> 46301 | Y53: =IFERROR(__xludf.DUMMYFUNCTION("""COMPUTED_VALUE"""),"Habis dalam 7-1 Hari") -> Habis dalam 7-1 Hari | Z53: =IFERROR(__xludf.DUMMYFUNCTION("""COMPUTED_VALUE"""),46301.0) -> 46301 | AA53: =IFERROR(__xludf.DUMMYFUNCTION("""COMPUTED_VALUE"""),"Habis dalam 7-1 Hari") -> Habis dalam 7-1 Hari | AB53: =IFERROR(__xludf.DUMMYFUNCTION("""COMPUTED_VALUE"""),47013.0) -> 47013 | AC53: =IFERROR(__xludf.DUMMYFUNCTION("""COMPUTED_VALUE"""),"Berlaku") -> Berlaku | AD53: =IFERROR(__xludf.DUMMYFUNCTION("""COMPUTED_VALUE"""),46304.0) -> 46304 | AE53: =IFERROR(__xludf.DUMMYFUNCTION("""COMPUTED_VALUE"""),"Akan Habis") -> Akan Habis | AF53: =IFERROR(__xludf.DUMMYFUNCTION("""COMPUTED_VALUE"""),"TUGU (MANDIRI)") -> TUGU (MANDIRI) | AG53: =IFERROR(__xludf.DUMMYFUNCTION("""COMPUTED_VALUE"""),"AKTIF ") -> AKTIF
A54: =IFERROR(__xludf.DUMMYFUNCTION("""COMPUTED_VALUE"""),72.0) -> 72 | B54: =IFERROR(__xludf.DUMMYFUNCTION("""COMPUTED_VALUE"""),"AD8603OH") -> AD8603OH | C54: =IFERROR(__xludf.DUMMYFUNCTION("""COMPUTED_VALUE"""),"8+8+8") -> 8+8+8 | D54: =IFERROR(__xludf.DUMMYFUNCTION("""COMPUTED_VALUE"""),24.0) -> 24 | E54: =IFERROR(__xludf.DUMMYFUNCTION("""COMPUTED_VALUE"""),"PT. KARYAMAS NIAGA MANUNGGAL JAYA") -> PT. KARYAMAS NIAGA MANUNGGAL JAYA | F54: =IFERROR(__xludf.DUMMYFUNCTION("""COMPUTED_VALUE"""),2024.0) -> 2024 | G54: =IFERROR(__xludf.DUMMYFUNCTION("""COMPUTED_VALUE"""),2025.0) -> 2025 | H54: =IFERROR(__xludf.DUMMYFUNCTION("""COMPUTED_VALUE"""),2.0) -> 2 | I54: =IFERROR(__xludf.DUMMYFUNCTION("""COMPUTED_VALUE"""),"GVR34U-JDYIN4") -> GVR34U-JDYIN4 | J54: =IFERROR(__xludf.DUMMYFUNCTION("""COMPUTED_VALUE"""),7790.0) -> 7790 | K54: =IFERROR(__xludf.DUMMYFUNCTION("""COMPUTED_VALUE"""),"EURO 4") -> EURO 4 | L54: =IFERROR(__xludf.DUMMYFUNCTION("""COMPUTED_VALUE"""),"Standart") -> Standart | M54: =IFERROR(__xludf.DUMMYFUNCTION("""COMPUTED_VALUE"""),"Antika Raya") -> Antika Raya | N54: =IFERROR(__xludf.DUMMYFUNCTION("""COMPUTED_VALUE"""),2025.0) -> 2025 | O54: =IFERROR(__xludf.DUMMYFUNCTION("""COMPUTED_VALUE"""),1.0) -> 1 | P54: =IFERROR(__xludf.DUMMYFUNCTION("""COMPUTED_VALUE"""),"AA") -> AA | Q54: =IFERROR(__xludf.DUMMYFUNCTION("""COMPUTED_VALUE"""),"ISUZU") -> ISUZU | R54: =IFERROR(__xludf.DUMMYFUNCTION("""COMPUTED_VALUE"""),"6HK1F110090") -> 6HK1F110090 | S54: =IFERROR(__xludf.DUMMYFUNCTION("""COMPUTED_VALUE"""),"MHCGVR34JRJ002409") -> MHCGVR34JRJ002409 | T54: =IFERROR(__xludf.DUMMYFUNCTION("""COMPUTED_VALUE"""),47645.0) -> 47645 | U54: =IFERROR(__xludf.DUMMYFUNCTION("""COMPUTED_VALUE"""),"Berlaku") -> Berlaku | V54: =IFERROR(__xludf.DUMMYFUNCTION("""COMPUTED_VALUE"""),46549.0) -> 46549 | W54: =IFERROR(__xludf.DUMMYFUNCTION("""COMPUTED_VALUE"""),"Berlaku") -> Berlaku | X54: =IFERROR(__xludf.DUMMYFUNCTION("""COMPUTED_VALUE"""),46364.0) -> 46364 | Y54: =IFERROR(__xludf.DUMMYFUNCTION("""COMPUTED_VALUE"""),"Berlaku") -> Berlaku | Z54: =IFERROR(__xludf.DUMMYFUNCTION("""COMPUTED_VALUE"""),46364.0) -> 46364 | AA54: =IFERROR(__xludf.DUMMYFUNCTION("""COMPUTED_VALUE"""),"Berlaku") -> Berlaku | AB54: =IFERROR(__xludf.DUMMYFUNCTION("""COMPUTED_VALUE"""),46576.0) -> 46576 | AC54: =IFERROR(__xludf.DUMMYFUNCTION("""COMPUTED_VALUE"""),"Berlaku") -> Berlaku | AD54: =IFERROR(__xludf.DUMMYFUNCTION("""COMPUTED_VALUE"""),46304.0) -> 46304 | AE54: =IFERROR(__xludf.DUMMYFUNCTION("""COMPUTED_VALUE"""),"Akan Habis") -> Akan Habis | AF54: =IFERROR(__xludf.DUMMYFUNCTION("""COMPUTED_VALUE"""),"SUNDAY (MANDIRI)") -> SUNDAY (MANDIRI) | AG54: =IFERROR(__xludf.DUMMYFUNCTION("""COMPUTED_VALUE"""),"AKTIF ") -> AKTIF
A55: =IFERROR(__xludf.DUMMYFUNCTION("""COMPUTED_VALUE"""),74.0) -> 74 | B55: =IFERROR(__xludf.DUMMYFUNCTION("""COMPUTED_VALUE"""),"B9022SFV") -> B9022SFV | C55: =IFERROR(__xludf.DUMMYFUNCTION("""COMPUTED_VALUE"""),"8+8") -> 8+8 | D55: =IFERROR(__xludf.DUMMYFUNCTION("""COMPUTED_VALUE"""),16.0) -> 16 | E55: =IFERROR(__xludf.DUMMYFUNCTION("""COMPUTED_VALUE"""),"PT. PERTAMINA PATRA NIAGA") -> PT. PERTAMINA PATRA NIAGA | F55: =IFERROR(__xludf.DUMMYFUNCTION("""COMPUTED_VALUE"""),2017.0) -> 2017 | G55: =IFERROR(__xludf.DUMMYFUNCTION("""COMPUTED_VALUE"""),2018.0) -> 2018 | H55: =IFERROR(__xludf.DUMMYFUNCTION("""COMPUTED_VALUE"""),9.0) -> 9 | I55: =IFERROR(__xludf.DUMMYFUNCTION("""COMPUTED_VALUE"""),"FL8JN1A-BGJ") -> FL8JN1A-BGJ | J55: =IFERROR(__xludf.DUMMYFUNCTION("""COMPUTED_VALUE"""),7684.0) -> 7684 | K55: =IFERROR(__xludf.DUMMYFUNCTION("""COMPUTED_VALUE"""),"EURO 2") -> EURO 2 | L55: =IFERROR(__xludf.DUMMYFUNCTION("""COMPUTED_VALUE"""),"PTO") -> PTO | M55: =IFERROR(__xludf.DUMMYFUNCTION("""COMPUTED_VALUE"""),"Geluran Adikarya") -> Geluran Adikarya | N55: =IFERROR(__xludf.DUMMYFUNCTION("""COMPUTED_VALUE"""),2017.0) -> 2017 | O55: =IFERROR(__xludf.DUMMYFUNCTION("""COMPUTED_VALUE"""),9.0) -> 9 | P55: =IFERROR(__xludf.DUMMYFUNCTION("""COMPUTED_VALUE"""),"CS") -> CS | Q55: =IFERROR(__xludf.DUMMYFUNCTION("""COMPUTED_VALUE"""),"HINO") -> HINO | R55: =IFERROR(__xludf.DUMMYFUNCTION("""COMPUTED_VALUE"""),"Jo8EUGJ59273") -> Jo8EUGJ59273 | S55: =IFERROR(__xludf.DUMMYFUNCTION("""COMPUTED_VALUE"""),"MJEFL8JN1HJB10879") -> MJEFL8JN1HJB10879 | T55: =IFERROR(__xludf.DUMMYFUNCTION("""COMPUTED_VALUE"""),46831.0) -> 46831 | U55: =IFERROR(__xludf.DUMMYFUNCTION("""COMPUTED_VALUE"""),"Berlaku") -> Berlaku | V55: =IFERROR(__xludf.DUMMYFUNCTION("""COMPUTED_VALUE"""),46465.0) -> 46465 | W55: =IFERROR(__xludf.DUMMYFUNCTION("""COMPUTED_VALUE"""),"Berlaku") -> Berlaku | Y55: =IFERROR(__xludf.DUMMYFUNCTION("""COMPUTED_VALUE"""),"Habis") -> Habis | Z55: =IFERROR(__xludf.DUMMYFUNCTION("""COMPUTED_VALUE"""),46338.0) -> 46338 | AA55: =IFERROR(__xludf.DUMMYFUNCTION("""COMPUTED_VALUE"""),"Berlaku") -> Berlaku | AB55: =IFERROR(__xludf.DUMMYFUNCTION("""COMPUTED_VALUE"""),46436.0) -> 46436 | AC55: =IFERROR(__xludf.DUMMYFUNCTION("""COMPUTED_VALUE"""),"Berlaku") -> Berlaku | AD55: =IFERROR(__xludf.DUMMYFUNCTION("""COMPUTED_VALUE"""),46360.0) -> 46360 | AE55: =IFERROR(__xludf.DUMMYFUNCTION("""COMPUTED_VALUE"""),"Berlaku") -> Berlaku | AF55: =IFERROR(__xludf.DUMMYFUNCTION("""COMPUTED_VALUE"""),"TUGU") -> TUGU | AG55: =IFERROR(__xludf.DUMMYFUNCTION("""COMPUTED_VALUE"""),"AKTIF ") -> AKTIF
A56: =IFERROR(__xludf.DUMMYFUNCTION("""COMPUTED_VALUE"""),75.0) -> 75 | B56: =IFERROR(__xludf.DUMMYFUNCTION("""COMPUTED_VALUE"""),"B9077SEI") -> B9077SEI | C56: =IFERROR(__xludf.DUMMYFUNCTION("""COMPUTED_VALUE"""),"8+8+8") -> 8+8+8 | D56: =IFERROR(__xludf.DUMMYFUNCTION("""COMPUTED_VALUE"""),24.0) -> 24 | E56: =IFERROR(__xludf.DUMMYFUNCTION("""COMPUTED_VALUE"""),"PT. PERTAMINA PATRA NIAGA") -> PT. PERTAMINA PATRA NIAGA | F56: =IFERROR(__xludf.DUMMYFUNCTION("""COMPUTED_VALUE"""),2019.0) -> 2019 | G56: =IFERROR(__xludf.DUMMYFUNCTION("""COMPUTED_VALUE"""),2019.0) -> 2019 | H56: =IFERROR(__xludf.DUMMYFUNCTION("""COMPUTED_VALUE"""),7.0) -> 7 | I56: =IFERROR(__xludf.DUMMYFUNCTION("""COMPUTED_VALUE"""),"4028 T4X2 MT") -> 4028 T4X2 MT | J56: =IFERROR(__xludf.DUMMYFUNCTION("""COMPUTED_VALUE"""),6374.0) -> 6374 | K56: =IFERROR(__xludf.DUMMYFUNCTION("""COMPUTED_VALUE"""),"EURO 4") -> EURO 4 | L56: =IFERROR(__xludf.DUMMYFUNCTION("""COMPUTED_VALUE"""),"Standart") -> Standart | M56: =IFERROR(__xludf.DUMMYFUNCTION("""COMPUTED_VALUE"""),"Geluran Adikarya") -> Geluran Adikarya | N56: =IFERROR(__xludf.DUMMYFUNCTION("""COMPUTED_VALUE"""),2019.0) -> 2019 | O56: =IFERROR(__xludf.DUMMYFUNCTION("""COMPUTED_VALUE"""),7.0) -> 7 | P56: =IFERROR(__xludf.DUMMYFUNCTION("""COMPUTED_VALUE"""),"AA") -> AA | Q56: =IFERROR(__xludf.DUMMYFUNCTION("""COMPUTED_VALUE"""),"MERCEDES BENZ") -> MERCEDES BENZ | R56: =IFERROR(__xludf.DUMMYFUNCTION("""COMPUTED_VALUE"""),"400951D0082705") -> 400951D0082705 | S56: =IFERROR(__xludf.DUMMYFUNCTION("""COMPUTED_VALUE"""),"MEC2622CBKP082115") -> MEC2622CBKP082115 | T56: =IFERROR(__xludf.DUMMYFUNCTION("""COMPUTED_VALUE"""),47402.0) -> 47402 | U56: =IFERROR(__xludf.DUMMYFUNCTION("""COMPUTED_VALUE"""),"Berlaku") -> Berlaku | V56: =IFERROR(__xludf.DUMMYFUNCTION("""COMPUTED_VALUE"""),46306.0) -> 46306 | W56: =IFERROR(__xludf.DUMMYFUNCTION("""COMPUTED_VALUE"""),"Akan Habis") -> Akan Habis | X56: =IFERROR(__xludf.DUMMYFUNCTION("""COMPUTED_VALUE"""),46355.0) -> 46355 | Y56: =IFERROR(__xludf.DUMMYFUNCTION("""COMPUTED_VALUE"""),"Berlaku") -> Berlaku | Z56: =IFERROR(__xludf.DUMMYFUNCTION("""COMPUTED_VALUE"""),46279.0) -> 46279 | AA56: =IFERROR(__xludf.DUMMYFUNCTION("""COMPUTED_VALUE"""),"Habis") -> Habis | AB56: =IFERROR(__xludf.DUMMYFUNCTION("""COMPUTED_VALUE"""),46815.0) -> 46815 | AC56: =IFERROR(__xludf.DUMMYFUNCTION("""COMPUTED_VALUE"""),"Berlaku") -> Berlaku | AD56: =IFERROR(__xludf.DUMMYFUNCTION("""COMPUTED_VALUE"""),46302.0) -> 46302 | AE56: =IFERROR(__xludf.DUMMYFUNCTION("""COMPUTED_VALUE"""),"Habis dalam 7-1 Hari") -> Habis dalam 7-1 Hari | AF56: =IFERROR(__xludf.DUMMYFUNCTION("""COMPUTED_VALUE"""),"TUGU") -> TUGU | AG56: =IFERROR(__xludf.DUMMYFUNCTION("""COMPUTED_VALUE"""),"AKTIF ") -> AKTIF
A57: =IFERROR(__xludf.DUMMYFUNCTION("""COMPUTED_VALUE"""),76.0) -> 76 | B57: =IFERROR(__xludf.DUMMYFUNCTION("""COMPUTED_VALUE"""),"B9223SFV") -> B9223SFV | C57: =IFERROR(__xludf.DUMMYFUNCTION("""COMPUTED_VALUE"""),"8+8") -> 8+8 | D57: =IFERROR(__xludf.DUMMYFUNCTION("""COMPUTED_VALUE"""),16.0) -> 16 | E57: =IFERROR(__xludf.DUMMYFUNCTION("""COMPUTED_VALUE"""),"PT. PERTAMINA PATRA NIAGA") -> PT. PERTAMINA PATRA NIAGA | F57: =IFERROR(__xludf.DUMMYFUNCTION("""COMPUTED_VALUE"""),2019.0) -> 2019 | G57: =IFERROR(__xludf.DUMMYFUNCTION("""COMPUTED_VALUE"""),2019.0) -> 2019 | H57: =IFERROR(__xludf.DUMMYFUNCTION("""COMPUTED_VALUE"""),7.0) -> 7 | I57: =IFERROR(__xludf.DUMMYFUNCTION("""COMPUTED_VALUE"""),"CDE250 6X2R WB4300MM") -> CDE250 6X2R WB4300MM | J57: =IFERROR(__xludf.DUMMYFUNCTION("""COMPUTED_VALUE"""),7698.0) -> 7698 | K57: =IFERROR(__xludf.DUMMYFUNCTION("""COMPUTED_VALUE"""),"EURO 4") -> EURO 4 | L57: =IFERROR(__xludf.DUMMYFUNCTION("""COMPUTED_VALUE"""),"Standart") -> Standart | M57: =IFERROR(__xludf.DUMMYFUNCTION("""COMPUTED_VALUE"""),"Aweco") -> Aweco | N57: =IFERROR(__xludf.DUMMYFUNCTION("""COMPUTED_VALUE"""),2019.0) -> 2019 | O57: =IFERROR(__xludf.DUMMYFUNCTION("""COMPUTED_VALUE"""),7.0) -> 7 | P57: =IFERROR(__xludf.DUMMYFUNCTION("""COMPUTED_VALUE"""),"CS") -> CS | Q57: =IFERROR(__xludf.DUMMYFUNCTION("""COMPUTED_VALUE"""),"UD TRUCKS") -> UD TRUCKS | R57: =IFERROR(__xludf.DUMMYFUNCTION("""COMPUTED_VALUE"""),"GH8502917A1P") -> GH8502917A1P | S57: =IFERROR(__xludf.DUMMYFUNCTION("""COMPUTED_VALUE"""),"MHHCDX22GKK810812") -> MHHCDX22GKK810812 | T57: =IFERROR(__xludf.DUMMYFUNCTION("""COMPUTED_VALUE"""),47396.0) -> 47396 | U57: =IFERROR(__xludf.DUMMYFUNCTION("""COMPUTED_VALUE"""),"Berlaku") -> Berlaku | V57: =IFERROR(__xludf.DUMMYFUNCTION("""COMPUTED_VALUE"""),46300.0) -> 46300 | W57: =IFERROR(__xludf.DUMMYFUNCTION("""COMPUTED_VALUE"""),"Habis dalam 7-1 Hari") -> Habis dalam 7-1 Hari | Y57: =IFERROR(__xludf.DUMMYFUNCTION("""COMPUTED_VALUE"""),"Habis") -> Habis | Z57: =IFERROR(__xludf.DUMMYFUNCTION("""COMPUTED_VALUE"""),46460.0) -> 46460 | AA57: =IFERROR(__xludf.DUMMYFUNCTION("""COMPUTED_VALUE"""),"Berlaku") -> Berlaku | AB57: =IFERROR(__xludf.DUMMYFUNCTION("""COMPUTED_VALUE"""),46472.0) -> 46472 | AC57: =IFERROR(__xludf.DUMMYFUNCTION("""COMPUTED_VALUE"""),"Berlaku") -> Berlaku | AD57: =IFERROR(__xludf.DUMMYFUNCTION("""COMPUTED_VALUE"""),46302.0) -> 46302 | AE57: =IFERROR(__xludf.DUMMYFUNCTION("""COMPUTED_VALUE"""),"Habis dalam 7-1 Hari") -> Habis dalam 7-1 Hari | AF57: =IFERROR(__xludf.DUMMYFUNCTION("""COMPUTED_VALUE"""),"TUGU") -> TUGU | AG57: =IFERROR(__xludf.DUMMYFUNCTION("""COMPUTED_VALUE"""),"AKTIF ") -> AKTIF | AI57: =IFERROR(__xludf.DUMMYFUNCTION("""COMPUTED_VALUE"""),"MT Switching dari B9699SFV ke IT Panjang") -> MT Switching dari B9699SFV ke IT Panjang
A58: =IFERROR(__xludf.DUMMYFUNCTION("""COMPUTED_VALUE"""),77.0) -> 77 | B58: =IFERROR(__xludf.DUMMYFUNCTION("""COMPUTED_VALUE"""),"B9106SEI") -> B9106SEI | C58: =IFERROR(__xludf.DUMMYFUNCTION("""COMPUTED_VALUE"""),"8+8+8") -> 8+8+8 | D58: =IFERROR(__xludf.DUMMYFUNCTION("""COMPUTED_VALUE"""),24.0) -> 24 | E58: =IFERROR(__xludf.DUMMYFUNCTION("""COMPUTED_VALUE"""),"PT. PERTAMINA PATRA NIAGA") -> PT. PERTAMINA PATRA NIAGA | F58: =IFERROR(__xludf.DUMMYFUNCTION("""COMPUTED_VALUE"""),2019.0) -> 2019 | G58: =IFERROR(__xludf.DUMMYFUNCTION("""COMPUTED_VALUE"""),2019.0) -> 2019 | H58: =IFERROR(__xludf.DUMMYFUNCTION("""COMPUTED_VALUE"""),7.0) -> 7 | I58: =IFERROR(__xludf.DUMMYFUNCTION("""COMPUTED_VALUE"""),"4028 T") -> 4028 T | J58: =IFERROR(__xludf.DUMMYFUNCTION("""COMPUTED_VALUE"""),6374.0) -> 6374 | K58: =IFERROR(__xludf.DUMMYFUNCTION("""COMPUTED_VALUE"""),"EURO 4") -> EURO 4 | L58: =IFERROR(__xludf.DUMMYFUNCTION("""COMPUTED_VALUE"""),"Standart") -> Standart | M58: =IFERROR(__xludf.DUMMYFUNCTION("""COMPUTED_VALUE"""),"Geluran") -> Geluran | N58: =IFERROR(__xludf.DUMMYFUNCTION("""COMPUTED_VALUE"""),2019.0) -> 2019 | O58: =IFERROR(__xludf.DUMMYFUNCTION("""COMPUTED_VALUE"""),7.0) -> 7 | P58: =IFERROR(__xludf.DUMMYFUNCTION("""COMPUTED_VALUE"""),"AA") -> AA | Q58: =IFERROR(__xludf.DUMMYFUNCTION("""COMPUTED_VALUE"""),"MERCEDES BENZ") -> MERCEDES BENZ | R58: =IFERROR(__xludf.DUMMYFUNCTION("""COMPUTED_VALUE"""),"400951D0081794") -> 400951D0081794 | S58: =IFERROR(__xludf.DUMMYFUNCTION("""COMPUTED_VALUE"""),"MEC2622CBKP081282") -> MEC2622CBKP081282 | T58: =IFERROR(__xludf.DUMMYFUNCTION("""COMPUTED_VALUE"""),47405.0) -> 47405 | U58: =IFERROR(__xludf.DUMMYFUNCTION("""COMPUTED_VALUE"""),"Berlaku") -> Berlaku | V58: =IFERROR(__xludf.DUMMYFUNCTION("""COMPUTED_VALUE"""),46309.0) -> 46309 | W58: =IFERROR(__xludf.DUMMYFUNCTION("""COMPUTED_VALUE"""),"Akan Habis") -> Akan Habis | X58: =IFERROR(__xludf.DUMMYFUNCTION("""COMPUTED_VALUE"""),46276.0) -> 46276 | Y58: =IFERROR(__xludf.DUMMYFUNCTION("""COMPUTED_VALUE"""),"Habis") -> Habis | Z58: =IFERROR(__xludf.DUMMYFUNCTION("""COMPUTED_VALUE"""),46279.0) -> 46279 | AA58: =IFERROR(__xludf.DUMMYFUNCTION("""COMPUTED_VALUE"""),"Habis") -> Habis | AB58: =IFERROR(__xludf.DUMMYFUNCTION("""COMPUTED_VALUE"""),46599.0) -> 46599 | AC58: =IFERROR(__xludf.DUMMYFUNCTION("""COMPUTED_VALUE"""),"Berlaku") -> Berlaku | AD58: =IFERROR(__xludf.DUMMYFUNCTION("""COMPUTED_VALUE"""),46302.0) -> 46302 | AE58: =IFERROR(__xludf.DUMMYFUNCTION("""COMPUTED_VALUE"""),"Habis dalam 7-1 Hari") -> Habis dalam 7-1 Hari | AF58: =IFERROR(__xludf.DUMMYFUNCTION("""COMPUTED_VALUE"""),"TUGU") -> TUGU | AG58: =IFERROR(__xludf.DUMMYFUNCTION("""COMPUTED_VALUE"""),"AKTIF ") -> AKTIF | AI58: =IFERROR(__xludf.DUMMYFUNCTION("""COMPUTED_VALUE"""),"MT Switching dari B9774SFU dibawa ke IT Panjang") -> MT Switching dari B9774SFU dibawa ke IT Panjang
A59: =IFERROR(__xludf.DUMMYFUNCTION("""COMPUTED_VALUE"""),78.0) -> 78 | B59: =IFERROR(__xludf.DUMMYFUNCTION("""COMPUTED_VALUE"""),"B9234SFV") -> B9234SFV | C59: =IFERROR(__xludf.DUMMYFUNCTION("""COMPUTED_VALUE"""),"8+8") -> 8+8 | D59: =IFERROR(__xludf.DUMMYFUNCTION("""COMPUTED_VALUE"""),16.0) -> 16 | E59: =IFERROR(__xludf.DUMMYFUNCTION("""COMPUTED_VALUE"""),"PT. PERTAMINA PATRA NIAGA") -> PT. PERTAMINA PATRA NIAGA | F59: =IFERROR(__xludf.DUMMYFUNCTION("""COMPUTED_VALUE"""),2019.0) -> 2019 | G59: =IFERROR(__xludf.DUMMYFUNCTION("""COMPUTED_VALUE"""),2019.0) -> 2019 | H59: =IFERROR(__xludf.DUMMYFUNCTION("""COMPUTED_VALUE"""),7.0) -> 7 | I59: =IFERROR(__xludf.DUMMYFUNCTION("""COMPUTED_VALUE"""),"CDE250 6X2R WB4300MM") -> CDE250 6X2R WB4300MM | J59: =IFERROR(__xludf.DUMMYFUNCTION("""COMPUTED_VALUE"""),7698.0) -> 7698 | K59: =IFERROR(__xludf.DUMMYFUNCTION("""COMPUTED_VALUE"""),"EURO 2") -> EURO 2 | L59: =IFERROR(__xludf.DUMMYFUNCTION("""COMPUTED_VALUE"""),"Standart") -> Standart | M59: =IFERROR(__xludf.DUMMYFUNCTION("""COMPUTED_VALUE"""),"Geluran Adikarya") -> Geluran Adikarya | N59: =IFERROR(__xludf.DUMMYFUNCTION("""COMPUTED_VALUE"""),2019.0) -> 2019 | O59: =IFERROR(__xludf.DUMMYFUNCTION("""COMPUTED_VALUE"""),7.0) -> 7 | P59: =IFERROR(__xludf.DUMMYFUNCTION("""COMPUTED_VALUE"""),"CS") -> CS | Q59: =IFERROR(__xludf.DUMMYFUNCTION("""COMPUTED_VALUE"""),"UD TRUCKS") -> UD TRUCKS | R59: =IFERROR(__xludf.DUMMYFUNCTION("""COMPUTED_VALUE"""),"GH8502925A1P") -> GH8502925A1P | S59: =IFERROR(__xludf.DUMMYFUNCTION("""COMPUTED_VALUE"""),"MHHCDX22GKK810796") -> MHHCDX22GKK810796 | T59: =IFERROR(__xludf.DUMMYFUNCTION("""COMPUTED_VALUE"""),47396.0) -> 47396 | U59: =IFERROR(__xludf.DUMMYFUNCTION("""COMPUTED_VALUE"""),"Berlaku") -> Berlaku | V59: =IFERROR(__xludf.DUMMYFUNCTION("""COMPUTED_VALUE"""),46300.0) -> 46300 | W59: =IFERROR(__xludf.DUMMYFUNCTION("""COMPUTED_VALUE"""),"Habis dalam 7-1 Hari") -> Habis dalam 7-1 Hari | Y59: =IFERROR(__xludf.DUMMYFUNCTION("""COMPUTED_VALUE"""),"Habis") -> Habis | Z59: =IFERROR(__xludf.DUMMYFUNCTION("""COMPUTED_VALUE"""),46277.0) -> 46277 | AA59: =IFERROR(__xludf.DUMMYFUNCTION("""COMPUTED_VALUE"""),"Habis") -> Habis | AB59: =IFERROR(__xludf.DUMMYFUNCTION("""COMPUTED_VALUE"""),46773.0) -> 46773 | AC59: =IFERROR(__xludf.DUMMYFUNCTION("""COMPUTED_VALUE"""),"Berlaku") -> Berlaku | AD59: =IFERROR(__xludf.DUMMYFUNCTION("""COMPUTED_VALUE"""),46302.0) -> 46302 | AE59: =IFERROR(__xludf.DUMMYFUNCTION("""COMPUTED_VALUE"""),"Habis dalam 7-1 Hari") -> Habis dalam 7-1 Hari | AF59: =IFERROR(__xludf.DUMMYFUNCTION("""COMPUTED_VALUE"""),"TUGU") -> TUGU | AG59: =IFERROR(__xludf.DUMMYFUNCTION("""COMPUTED_VALUE"""),"AKTIF ") -> AKTIF
A60: =IFERROR(__xludf.DUMMYFUNCTION("""COMPUTED_VALUE"""),79.0) -> 79 | B60: =IFERROR(__xludf.DUMMYFUNCTION("""COMPUTED_VALUE"""),"B9246SFV") -> B9246SFV | C60: =IFERROR(__xludf.DUMMYFUNCTION("""COMPUTED_VALUE"""),"8+8") -> 8+8 | D60: =IFERROR(__xludf.DUMMYFUNCTION("""COMPUTED_VALUE"""),16.0) -> 16 | E60: =IFERROR(__xludf.DUMMYFUNCTION("""COMPUTED_VALUE"""),"PT. PERTAMINA PATRA NIAGA") -> PT. PERTAMINA PATRA NIAGA | F60: =IFERROR(__xludf.DUMMYFUNCTION("""COMPUTED_VALUE"""),2019.0) -> 2019 | G60: =IFERROR(__xludf.DUMMYFUNCTION("""COMPUTED_VALUE"""),2019.0) -> 2019 | H60: =IFERROR(__xludf.DUMMYFUNCTION("""COMPUTED_VALUE"""),7.0) -> 7 | I60: =IFERROR(__xludf.DUMMYFUNCTION("""COMPUTED_VALUE"""),"CDE250 6X2R WB4300MM") -> CDE250 6X2R WB4300MM | J60: =IFERROR(__xludf.DUMMYFUNCTION("""COMPUTED_VALUE"""),7698.0) -> 7698 | K60: =IFERROR(__xludf.DUMMYFUNCTION("""COMPUTED_VALUE"""),"EURO 2") -> EURO 2 | L60: =IFERROR(__xludf.DUMMYFUNCTION("""COMPUTED_VALUE"""),"Standart") -> Standart | M60: =IFERROR(__xludf.DUMMYFUNCTION("""COMPUTED_VALUE"""),"Geluran Adikarya") -> Geluran Adikarya | N60: =IFERROR(__xludf.DUMMYFUNCTION("""COMPUTED_VALUE"""),2019.0) -> 2019 | O60: =IFERROR(__xludf.DUMMYFUNCTION("""COMPUTED_VALUE"""),7.0) -> 7 | P60: =IFERROR(__xludf.DUMMYFUNCTION("""COMPUTED_VALUE"""),"CS") -> CS | Q60: =IFERROR(__xludf.DUMMYFUNCTION("""COMPUTED_VALUE"""),"UD TRUCKS") -> UD TRUCKS | R60: =IFERROR(__xludf.DUMMYFUNCTION("""COMPUTED_VALUE"""),"GH8502901A1P") -> GH8502901A1P | S60: =IFERROR(__xludf.DUMMYFUNCTION("""COMPUTED_VALUE"""),"MHHCDX22GKK810794") -> MHHCDX22GKK810794 | T60: =IFERROR(__xludf.DUMMYFUNCTION("""COMPUTED_VALUE"""),47396.0) -> 47396 | U60: =IFERROR(__xludf.DUMMYFUNCTION("""COMPUTED_VALUE"""),"Berlaku") -> Berlaku | V60: =IFERROR(__xludf.DUMMYFUNCTION("""COMPUTED_VALUE"""),46300.0) -> 46300 | W60: =IFERROR(__xludf.DUMMYFUNCTION("""COMPUTED_VALUE"""),"Habis dalam 7-1 Hari") -> Habis dalam 7-1 Hari | Y60: =IFERROR(__xludf.DUMMYFUNCTION("""COMPUTED_VALUE"""),"Habis") -> Habis | Z60: =IFERROR(__xludf.DUMMYFUNCTION("""COMPUTED_VALUE"""),46277.0) -> 46277 | AA60: =IFERROR(__xludf.DUMMYFUNCTION("""COMPUTED_VALUE"""),"Habis") -> Habis | AB60: =IFERROR(__xludf.DUMMYFUNCTION("""COMPUTED_VALUE"""),46443.0) -> 46443 | AC60: =IFERROR(__xludf.DUMMYFUNCTION("""COMPUTED_VALUE"""),"Berlaku") -> Berlaku | AD60: =IFERROR(__xludf.DUMMYFUNCTION("""COMPUTED_VALUE"""),46340.0) -> 46340 | AE60: =IFERROR(__xludf.DUMMYFUNCTION("""COMPUTED_VALUE"""),"Berlaku") -> Berlaku | AF60: =IFERROR(__xludf.DUMMYFUNCTION("""COMPUTED_VALUE"""),"TUGU") -> TUGU | AG60: =IFERROR(__xludf.DUMMYFUNCTION("""COMPUTED_VALUE"""),"AKTIF ") -> AKTIF

Sheet Data MT Pola Sewa
F1: UPDATE MOBIL TANGKI FT MAOS
F2: TAHUN 2025 | AI2: 1.91755e-05
A4: 2026 | T4: Tanggal STNK | V4: Tanggal PAJAK | X4: Tanggal KEUR | Z4: Tanggal KIM | AB4: Tanggal Tera | AD4: Tanggal KEDAP
T5: STNK | V5: PAJAK KENDARAAN | X5: KEUR | Z5: KIM | AH5: KETERANGAN | AI5: NO POL LAMA YANG DIGANTI
A6: NO | B6: NOPOL | C6: KAP | E6: TRANSPORTIR | F6: TAHUN PEMBUATAN | G6: REGISTRASI | H6: MASA PEMAKAIAN HEAD | I6: TYPE | J6: CC | K6: EMISI MESIN | L6: JENIS (PTO/Standart) | M6: KAROSERI | N6: TAHUN TANGKI | O6: MASA PEMAKAIAN TANGKI | P6: MATERIAL TANGKI | Q6: MERK | R6: NO MESIN | S6: NO RANGKA | T6: Tanggal STNK | U6: Status | V6: Tanggal PAJAK | W6: Status | X6: Tanggal KEUR | Y6: Status | Z6: Tanggal KIM | AA6: Status | AB6: Tanggal Tera | AC6: Status | AD6: Tanggal KEDAP | AE6: Status | AF6: Asuransi | AG6: Status
A7: 1 | B7: B9504TEI | C7: 8+8+8 | D7: 24 | E7: PT. ADAM TRANS | F7: 2016 | G7: 2016 | H7: =A4-F7 -> 10 | I7: SG8JE1BXGJ TRHEAD 4X2 | J7: 7684 | K7: EURO 2 | L7: Standart | M7: Geluran Adikarya | N7: 2016 | O7: =A4-N7 -> 10 | P7: AA | Q7: HINO | R7: J08EWKJ10358 | S7: MJESG8JE1GJX10556 | T7: =VLOOKUP(B7,'Data aplikasi'!$A$2:$M$85,5,0) -> 46383 | U7: =IF(TODAY()>=T7,"Habis", IF(TODAY()>=T7-7,"Habis dalam 7-1 Hari", IF(TODAY()>=T7-21,"Akan Habis", "Berlaku"))) -> Berlaku | V7: =VLOOKUP(B7,'Data aplikasi'!$A$2:$M$85,6,0) -> 46383 | W7: =IF(TODAY()>=V7,"Habis", IF(TODAY()>=V7-7,"Habis dalam 7-1 Hari", IF(TODAY()>=V7-50,"Akan Habis", "Berlaku"))) -> Berlaku | X7: =VLOOKUP(B7,'Data aplikasi'!$A$2:$M$85,8,0) -> 46446 | Y7: =IF(TODAY()>=X7,"Habis", IF(TODAY()>=X7-7,"Habis dalam 7-1 Hari", IF(TODAY()>=X7-50,"Akan Habis", "Berlaku"))) -> Berlaku | Z7: =VLOOKUP(B7,'Data aplikasi'!$A$2:$M$85,9,0) -> 46449 | AA7: =IF(TODAY()>=Z7,"Habis", IF(TODAY()>=Z7-7,"Habis dalam 7-1 Hari", IF(TODAY()>=Z7-21,"Akan Habis", "Berlaku"))) -> Berlaku | AB7: =VLOOKUP(B7,'Data aplikasi'!$A$2:$M$85,10,0) -> 46961 | AC7: =IF(TODAY()>=AB7,"Habis", IF(TODAY()>=AB7-7,"Habis dalam 7-1 Hari", IF(TODAY()>=AB7-65,"Akan Habis", "Berlaku"))) -> Berlaku | AD7: =VLOOKUP(B7,'Data aplikasi'!$A$2:$M$85,11,0) -> 46340 | AE7: =IF(TODAY()>=AD7,"Habis", IF(TODAY()>=AD7-7,"Habis dalam 7-1 Hari", IF(TODAY()>=AD7-21,"Akan Habis", "Berlaku"))) -> Berlaku | AF7: TUGU | AG7: AKTIF | AK7: FT Maos | AO7: MT Kontrak | AQ7: MT Tersedia | AS7: MT Rusak Berat | AU7: MT Afkir | AW7: MT Operasi
A8: 2 | B8: B9505TEI | C8: 8+8+8 | D8: 24 | E8: PT. ADAM TRANS | F8: 2016 | G8: 2016 | H8: =A4-F8 -> 10 | I8: SG8JE1BXGJ TRHEAD 4X2 | J8: 7684 | K8: EURO 2 | L8: Standart | M8: Geluran Adikarya | N8: 2016 | O8: =A4-N8 -> 10 | P8: AA | Q8: HINO | R8: J08EWKJ10357 | S8: MJESG8JE1GJX10555 | T8: =VLOOKUP(B8,'Data aplikasi'!$A$2:$M$85,5,0) -> 46383 | U8: =IF(TODAY()>=T8,"Habis", IF(TODAY()>=T8-7,"Habis dalam 7-1 Hari", IF(TODAY()>=T8-21,"Akan Habis", "Berlaku"))) -> Berlaku | V8: =VLOOKUP(B8,'Data aplikasi'!$A$2:$M$85,6,0) -> 46383 | W8: =IF(TODAY()>=V8,"Habis", IF(TODAY()>=V8-7,"Habis dalam 7-1 Hari", IF(TODAY()>=V8-50,"Akan Habis", "Berlaku"))) -> Berlaku | X8: =VLOOKUP(B8,'Data aplikasi'!$A$2:$M$85,8,0) -> 46446 | Y8: =IF(TODAY()>=X8,"Habis", IF(TODAY()>=X8-7,"Habis dalam 7-1 Hari", IF(TODAY()>=X8-50,"Akan Habis", "Berlaku"))) -> Berlaku | Z8: =VLOOKUP(B8,'Data aplikasi'!$A$2:$M$85,9,0) -> 46446 | AA8: =IF(TODAY()>=Z8,"Habis", IF(TODAY()>=Z8-7,"Habis dalam 7-1 Hari", IF(TODAY()>=Z8-21,"Akan Habis", "Berlaku"))) -> Berlaku | AB8: =VLOOKUP(B8,'Data aplikasi'!$A$2:$M$85,10,0) -> 46977 | AC8: =IF(TODAY()>=AB8,"Habis", IF(TODAY()>=AB8-7,"Habis dalam 7-1 Hari", IF(TODAY()>=AB8-65,"Akan Habis", "Berlaku"))) -> Berlaku | AD8: =VLOOKUP(B8,'Data aplikasi'!$A$2:$M$85,11,0) -> 46340 | AE8: =IF(TODAY()>=AD8,"Habis", IF(TODAY()>=AD8-7,"Habis dalam 7-1 Hari", IF(TODAY()>=AD8-21,"Akan Habis", "Berlaku"))) -> Berlaku | AF8: TUGU | AG8: AKTIF | AK8: Reguler | AL8: No | AM8: Kap MT (KL) | AO8: Jumlah | AP8: Daya Angkut (KL) | AQ8: Jumlah | AR8: Daya Angkut (KL) | AS8: Jumlah | AT8: Daya Angkut (KL) | AU8: Jumlah | AV8: Daya Angkut (KL) | AW8: Jumlah | AX8: Daya Angkut (KL)
A9: 3 | B9: B9520TEI | C9: 8+8+8 | D9: 24 | E9: PT. ADAM TRANS | F9: 2016 | G9: 2017 | H9: =A4-F9 -> 10 | I9: SG8JE1B-EGJ TRHEAD 4X2 | J9: 7684 | K9: EURO 2 | L9: Standart | M9: Geluran Adikarya | N9: 2016 | O9: =A4-N9 -> 10 | P9: AA | Q9: HINO | R9: J08EUFJ79409 | S9: MJESG8JE1GJE10781 | T9: =VLOOKUP(B9,'Data aplikasi'!$A$2:$M$85,5,0) -> 46417 | U9: =IF(TODAY()>=T9,"Habis", IF(TODAY()>=T9-7,"Habis dalam 7-1 Hari", IF(TODAY()>=T9-21,"Akan Habis", "Berlaku"))) -> Berlaku | V9: =VLOOKUP(B9,'Data aplikasi'!$A$2:$M$85,6,0) -> 46417 | W9: =IF(TODAY()>=V9,"Habis", IF(TODAY()>=V9-7,"Habis dalam 7-1 Hari", IF(TODAY()>=V9-50,"Akan Habis", "Berlaku"))) -> Berlaku | X9: =VLOOKUP(B9,'Data aplikasi'!$A$2:$M$85,8,0) -> 46446 | Y9: =IF(TODAY()>=X9,"Habis", IF(TODAY()>=X9-7,"Habis dalam 7-1 Hari", IF(TODAY()>=X9-50,"Akan Habis", "Berlaku"))) -> Berlaku | Z9: =VLOOKUP(B9,'Data aplikasi'!$A$2:$M$85,9,0) -> 46446 | AA9: =IF(TODAY()>=Z9,"Habis", IF(TODAY()>=Z9-7,"Habis dalam 7-1 Hari", IF(TODAY()>=Z9-21,"Akan Habis", "Berlaku"))) -> Berlaku | AB9: =VLOOKUP(B9,'Data aplikasi'!$A$2:$M$85,10,0) -> 46409 | AC9: =IF(TODAY()>=AB9,"Habis", IF(TODAY()>=AB9-7,"Habis dalam 7-1 Hari", IF(TODAY()>=AB9-65,"Akan Habis", "Berlaku"))) -> Berlaku | AD9: =VLOOKUP(B9,'Data aplikasi'!$A$2:$M$85,11,0) -> 46455 | AE9: =IF(TODAY()>=AD9,"Habis", IF(TODAY()>=AD9-7,"Habis dalam 7-1 Hari", IF(TODAY()>=AD9-21,"Akan Habis", "Berlaku"))) -> Berlaku | AF9: TUGU | AG9: AKTIF | AL9: 1. | AM9: 32 | AP9: 0 | AR9: 0 | AV9: 0 | AX9: 0
A10: 4 | B10: B9810TEI | C10: 8+8+8 | D10: 24 | E10: PT. ADAM TRANS | F10: 2018 | G10: 2018 | H10: =A4-F10 -> 8 | I10: GKE2804X2TWB3500MM/MT | J10: 7698 | K10: EURO 2 | L10: Standart | M10: Geluran Adikarya | N10: 2018 | O10: =A4-N10 -> 8 | P10: AA | Q10: UD TRUCKS | R10: GH8464346A1P | S10: MHHGKZ30CJK805140 | T10: =VLOOKUP(B10,'Data aplikasi'!$A$2:$M$85,5,0) -> 46903 | U10: =IF(TODAY()>=T10,"Habis", IF(TODAY()>=T10-7,"Habis dalam 7-1 Hari", IF(TODAY()>=T10-21,"Akan Habis", "Berlaku"))) -> Berlaku | V10: =VLOOKUP(B10,'Data aplikasi'!$A$2:$M$85,6,0) -> 46537 | W10: =IF(TODAY()>=V10,"Habis", IF(TODAY()>=V10-7,"Habis dalam 7-1 Hari", IF(TODAY()>=V10-50,"Akan Habis", "Berlaku"))) -> Berlaku | X10: =VLOOKUP(B10,'Data aplikasi'!$A$2:$M$85,8,0) -> 46416 | Y10: =IF(TODAY()>=X10,"Habis", IF(TODAY()>=X10-7,"Habis dalam 7-1 Hari", IF(TODAY()>=X10-50,"Akan Habis", "Berlaku"))) -> Berlaku | Z10: =VLOOKUP(B10,'Data aplikasi'!$A$2:$M$85,9,0) -> 46416 | AA10: =IF(TODAY()>=Z10,"Habis", IF(TODAY()>=Z10-7,"Habis dalam 7-1 Hari", IF(TODAY()>=Z10-21,"Akan Habis", "Berlaku"))) -> Berlaku | AB10: =VLOOKUP(B10,'Data aplikasi'!$A$2:$M$85,10,0) -> 46506 | AC10: =IF(TODAY()>=AB10,"Habis", IF(TODAY()>=AB10-7,"Habis dalam 7-1 Hari", IF(TODAY()>=AB10-65,"Akan Habis", "Berlaku"))) -> Berlaku | AD10: =VLOOKUP(B10,'Data aplikasi'!$A$2:$M$85,11,0) -> 46340 | AE10: =IF(TODAY()>=AD10,"Habis", IF(TODAY()>=AD10-7,"Habis dalam 7-1 Hari", IF(TODAY()>=AD10-21,"Akan Habis", "Berlaku"))) -> Berlaku | AF10: TUGU (MANDIRI) | AG10: AKTIF | AL10: 2. | AM10: 24 | AO10: 49 | AP10: 1176 | AQ10: 47 | AR10: 1128 | AU10: 5 | AV10: =AU10*24 -> 120 | AW10: 48 | AX10: 1152
A11: 5 | B11: B9811TEI | C11: 8+8+8 | D11: 24 | E11: PT. ADAM TRANS | F11: 2018 | G11: 2018 | H11: =A4-F11 -> 8 | I11: GKE2804X2TWB3500MM/MT | J11: 7698 | K11: EURO 2 | L11: Standart | M11: Geluran Adikarya | N11: 2018 | O11: =A4-N11 -> 8 | P11: AA | Q11: UD TRUCKS | R11: GH8464335A1P | S11: MHHGKZ30CJK805139 | T11: =VLOOKUP(B11,'Data aplikasi'!$A$2:$M$85,5,0) -> 46903 | U11: =IF(TODAY()>=T11,"Habis", IF(TODAY()>=T11-7,"Habis dalam 7-1 Hari", IF(TODAY()>=T11-21,"Akan Habis", "Berlaku"))) -> Berlaku | V11: =VLOOKUP(B11,'Data aplikasi'!$A$2:$M$85,6,0) -> 46537 | W11: =IF(TODAY()>=V11,"Habis", IF(TODAY()>=V11-7,"Habis dalam 7-1 Hari", IF(TODAY()>=V11-50,"Akan Habis", "Berlaku"))) -> Berlaku | X11: =VLOOKUP(B11,'Data aplikasi'!$A$2:$M$85,8,0) -> 46437 | Y11: =IF(TODAY()>=X11,"Habis", IF(TODAY()>=X11-7,"Habis dalam 7-1 Hari", IF(TODAY()>=X11-50,"Akan Habis", "Berlaku"))) -> Berlaku | Z11: =VLOOKUP(B11,'Data aplikasi'!$A$2:$M$85,9,0) -> 46436 | AA11: =IF(TODAY()>=Z11,"Habis", IF(TODAY()>=Z11-7,"Habis dalam 7-1 Hari", IF(TODAY()>=Z11-21,"Akan Habis", "Berlaku"))) -> Berlaku | AB11: =VLOOKUP(B11,'Data aplikasi'!$A$2:$M$85,10,0) -> 46922 | AC11: =IF(TODAY()>=AB11,"Habis", IF(TODAY()>=AB11-7,"Habis dalam 7-1 Hari", IF(TODAY()>=AB11-65,"Akan Habis", "Berlaku"))) -> Berlaku | AD11: =VLOOKUP(B11,'Data aplikasi'!$A$2:$M$85,11,0) -> 46372 | AE11: =IF(TODAY()>=AD11,"Habis", IF(TODAY()>=AD11-7,"Habis dalam 7-1 Hari", IF(TODAY()>=AD11-21,"Akan Habis", "Berlaku"))) -> Berlaku | AF11: TUGU (MANDIRI) | AG11: AKTIF | AL11: 3. | AM11: 16 | AO11: 32 | AP11: =AM11*AO11 -> 512 | AQ11: 30 | AR11: 480 | AU11: 1 | AV11: 16 | AW11: 27 | AX11: 432
A12: 6 | B12: B9812TEI | C12: 8+8+8 | D12: 24 | E12: PT. ADAM TRANS | F12: 2018 | G12: 2018 | H12: =A4-F12 -> 8 | I12: GKE2804X2TWB3500MM/MT | J12: 7698 | K12: EURO 2 | L12: Standart | M12: Geluran Adikarya | N12: 2018 | O12: =A4-N12 -> 8 | P12: AA | Q12: UD TRUCKS | R12: GH8464344A1P | S12: MHHGKZ30CJK805137 | T12: =VLOOKUP(B12,'Data aplikasi'!$A$2:$M$85,5,0) -> 46903 | U12: =IF(TODAY()>=T12,"Habis", IF(TODAY()>=T12-7,"Habis dalam 7-1 Hari", IF(TODAY()>=T12-21,"Akan Habis", "Berlaku"))) -> Berlaku | V12: =VLOOKUP(B12,'Data aplikasi'!$A$2:$M$85,6,0) -> 46537 | W12: =IF(TODAY()>=V12,"Habis", IF(TODAY()>=V12-7,"Habis dalam 7-1 Hari", IF(TODAY()>=V12-50,"Akan Habis", "Berlaku"))) -> Berlaku | X12: =VLOOKUP(B12,'Data aplikasi'!$A$2:$M$85,8,0) -> 46436 | Y12: =IF(TODAY()>=X12,"Habis", IF(TODAY()>=X12-7,"Habis dalam 7-1 Hari", IF(TODAY()>=X12-50,"Akan Habis", "Berlaku"))) -> Berlaku | Z12: =VLOOKUP(B12,'Data aplikasi'!$A$2:$M$85,9,0) -> 46436 | AA12: =IF(TODAY()>=Z12,"Habis", IF(TODAY()>=Z12-7,"Habis dalam 7-1 Hari", IF(TODAY()>=Z12-21,"Akan Habis", "Berlaku"))) -> Berlaku | AB12: =VLOOKUP(B12,'Data aplikasi'!$A$2:$M$85,10,0) -> 46507 | AC12: =IF(TODAY()>=AB12,"Habis", IF(TODAY()>=AB12-7,"Habis dalam 7-1 Hari", IF(TODAY()>=AB12-65,"Akan Habis", "Berlaku"))) -> Berlaku | AD12: =VLOOKUP(B12,'Data aplikasi'!$A$2:$M$85,11,0) -> 46340 | AE12: =IF(TODAY()>=AD12,"Habis", IF(TODAY()>=AD12-7,"Habis dalam 7-1 Hari", IF(TODAY()>=AD12-21,"Akan Habis", "Berlaku"))) -> Berlaku | AF12: TUGU (MANDIRI) | AG12: AKTIF | AL12: 4. | AM12: 8 | AO12: 4 | AP12: 32 | AQ12: 3 | AR12: 24 | AS12: 0 | AT12: 0 | AU12: 1 | AV12: 8 | AW12: 3 | AX12: 24
A13: 7 | B13: B9300TFV | C13: 8+8 | D13: 16 | E13: PT. ADAM TRANS | F13: 2022 | G13: 2022 | H13: =A4-F13 -> 4 | I13: FL8JN2A-PGJ | J13: 7684 | K13: EURO 4 | L13: Standart | M13: Geluran Adikarya | N13: 2022 | O13: =A4-N13 -> 4 | P13: CS | Q13: HINO | R13: J08EWEJ12088 | S13: MJEFL8JN2NJP10126 | T13: =VLOOKUP(B13,'Data aplikasi'!$A$2:$M$85,5,0) -> 46730 | U13: =IF(TODAY()>=T13,"Habis", IF(TODAY()>=T13-7,"Habis dalam 7-1 Hari", IF(TODAY()>=T13-21,"Akan Habis", "Berlaku"))) -> Berlaku | V13: =VLOOKUP(B13,'Data aplikasi'!$A$2:$M$85,6,0) -> 46365 | W13: =IF(TODAY()>=V13,"Habis", IF(TODAY()>=V13-7,"Habis dalam 7-1 Hari", IF(TODAY()>=V13-50,"Akan Habis", "Berlaku"))) -> Berlaku | X13: =VLOOKUP(B13,'Data aplikasi'!$A$2:$M$85,8,0) | Y13: =IF(TODAY()>=X13,"Habis", IF(TODAY()>=X13-7,"Habis dalam 7-1 Hari", IF(TODAY()>=X13-50,"Akan Habis", "Berlaku"))) -> Habis | Z13: =VLOOKUP(B13,'Data aplikasi'!$A$2:$M$85,9,0) -> 46303 | AA13: =IF(TODAY()>=Z13,"Habis", IF(TODAY()>=Z13-7,"Habis dalam 7-1 Hari", IF(TODAY()>=Z13-21,"Akan Habis", "Berlaku"))) -> Akan Habis | AB13: =VLOOKUP(B13,'Data aplikasi'!$A$2:$M$85,10,0) -> 46337 | AC13: =IF(TODAY()>=AB13,"Habis", IF(TODAY()>=AB13-7,"Habis dalam 7-1 Hari", IF(TODAY()>=AB13-65,"Akan Habis", "Berlaku"))) -> Akan Habis | AD13: =VLOOKUP(B13,'Data aplikasi'!$A$2:$M$85,11,0) -> 46347 | AE13: =IF(TODAY()>=AD13,"Habis", IF(TODAY()>=AD13-7,"Habis dalam 7-1 Hari", IF(TODAY()>=AD13-21,"Akan Habis", "Berlaku"))) -> Berlaku | AF13: TUGU | AG13: AKTIF | AI13: R1880CK | AL13: 5. | AM13: 5
A14: 8 | B14: B9378TFV | C14: 8+8 | D14: 16 | E14: PT. ADAM TRANS | F14: 2023 | G14: 2023 | H14: =A4-F14 -> 3 | I14: 2523 R/4500 6X2 MT | J14: 6374 | K14: EURO 5 | L14: Standart | M14: Meco | N14: 2023 | O14: =A4-N14 -> 3 | P14: CS | Q14: MERCEDES BENZ | R14: 400952D0139091 | S14: MEC2126BAPP133277 | T14: =VLOOKUP(B14,'Data aplikasi'!$A$2:$M$85,5,0) -> 47025 | U14: =IF(TODAY()>=T14,"Habis", IF(TODAY()>=T14-7,"Habis dalam 7-1 Hari", IF(TODAY()>=T14-21,"Akan Habis", "Berlaku"))) -> Berlaku | V14: =VLOOKUP(B14,'Data aplikasi'!$A$2:$M$85,6,0) -> 46659 | W14: =IF(TODAY()>=V14,"Habis", IF(TODAY()>=V14-7,"Habis dalam 7-1 Hari", IF(TODAY()>=V14-50,"Akan Habis", "Berlaku"))) -> Berlaku | X14: =VLOOKUP(B14,'Data aplikasi'!$A$2:$M$85,8,0) | Y14: =IF(TODAY()>=X14,"Habis", IF(TODAY()>=X14-7,"Habis dalam 7-1 Hari", IF(TODAY()>=X14-50,"Akan Habis", "Berlaku"))) -> Habis | Z14: =VLOOKUP(B14,'Data aplikasi'!$A$2:$M$85,9,0) -> 46446 | AA14: =IF(TODAY()>=Z14,"Habis", IF(TODAY()>=Z14-7,"Habis dalam 7-1 Hari", IF(TODAY()>=Z14-21,"Akan Habis", "Berlaku"))) -> Berlaku | AB14: =VLOOKUP(B14,'Data aplikasi'!$A$2:$M$85,10,0) -> 46688 | AC14: =IF(TODAY()>=AB14,"Habis", IF(TODAY()>=AB14-7,"Habis dalam 7-1 Hari", IF(TODAY()>=AB14-65,"Akan Habis", "Berlaku"))) -> Berlaku | AD14: =VLOOKUP(B14,'Data aplikasi'!$A$2:$M$85,11,0) -> 46459 | AE14: =IF(TODAY()>=AD14,"Habis", IF(TODAY()>=AD14-7,"Habis dalam 7-1 Hari", IF(TODAY()>=AD14-21,"Akan Habis", "Berlaku"))) -> Berlaku | AF14: TUGU | AG14: AKTIF | AI14: Menggantikan MT AA1895FP PT. TANAH PUTIH | AM14: Dst…
A15: 9 | B15: B9376TFV | C15: 8+8 | D15: 16 | E15: PT. ADAM TRANS | F15: 2023 | G15: 2023 | H15: =A4-F15 -> 3 | I15: 2523 R/4500 6X2 MT | J15: 6374 | K15: EURO 5 | L15: Standart | M15: Meco | N15: 2023 | O15: =A4-N15 -> 3 | P15: CS | Q15: MERCEDES BENZ | R15: 400952D0139088 | S15: MEC2126BAPP133268 | T15: =VLOOKUP(B15,'Data aplikasi'!$A$2:$M$85,5,0) -> 47025 | U15: =IF(TODAY()>=T15,"Habis", IF(TODAY()>=T15-7,"Habis dalam 7-1 Hari", IF(TODAY()>=T15-21,"Akan Habis", "Berlaku"))) -> Berlaku | V15: =VLOOKUP(B15,'Data aplikasi'!$A$2:$M$85,6,0) -> 46659 | W15: =IF(TODAY()>=V15,"Habis", IF(TODAY()>=V15-7,"Habis dalam 7-1 Hari", IF(TODAY()>=V15-50,"Akan Habis", "Berlaku"))) -> Berlaku | X15: =VLOOKUP(B15,'Data aplikasi'!$A$2:$M$85,8,0) | Y15: =IF(TODAY()>=X15,"Habis", IF(TODAY()>=X15-7,"Habis dalam 7-1 Hari", IF(TODAY()>=X15-50,"Akan Habis", "Berlaku"))) -> Habis | Z15: =VLOOKUP(B15,'Data aplikasi'!$A$2:$M$85,9,0) -> 46447 | AA15: =IF(TODAY()>=Z15,"Habis", IF(TODAY()>=Z15-7,"Habis dalam 7-1 Hari", IF(TODAY()>=Z15-21,"Akan Habis", "Berlaku"))) -> Berlaku | AB15: =VLOOKUP(B15,'Data aplikasi'!$A$2:$M$85,10,0) -> 46684 | AC15: =IF(TODAY()>=AB15,"Habis", IF(TODAY()>=AB15-7,"Habis dalam 7-1 Hari", IF(TODAY()>=AB15-65,"Akan Habis", "Berlaku"))) -> Berlaku | AD15: =VLOOKUP(B15,'Data aplikasi'!$A$2:$M$85,11,0) -> 46459 | AE15: =IF(TODAY()>=AD15,"Habis", IF(TODAY()>=AD15-7,"Habis dalam 7-1 Hari", IF(TODAY()>=AD15-21,"Akan Habis", "Berlaku"))) -> Berlaku | AF15: TUGU | AG15: AKTIF | AI15: Menggantikan MT AA1894FP PT. TANAH PUTIH | AL15: Total | AO15: =SUM(AO10:AO12) -> 85 | AP15: =SUM(AP10:AP12) -> 1720 | AQ15: =SUM(AQ10:AQ12) -> 80 | AR15: =SUM(AR10:AR12) -> 1632 | AS15: 0 | AT15: 0 | AU15: =sum(AU10:AU12) -> 7 | AV15: =SUM(AV10:AV12) -> 144 | AW15: 78 | AX15: 1608
A16: 10 | B16: B9290TFV | C16: 8+8+8 | D16: 24 | E16: PT. ADAM TRANS | F16: 2022 | G16: 2022 | H16: =A4-F16 -> 4 | I16: SG8JF2B-XGJ | J16: 7684 | K16: EURO 4 | L16: Standart | M16: Meco | N16: 2022 | O16: =A4-N16 -> 4 | P16: AA | Q16: HINO | R16: J08EWDJ13408 | S16: MJESG8JF2NJX102576 | T16: =VLOOKUP(B16,'Data aplikasi'!$A$2:$M$85,5,0) -> 46713 | U16: =IF(TODAY()>=T16,"Habis", IF(TODAY()>=T16-7,"Habis dalam 7-1 Hari", IF(TODAY()>=T16-21,"Akan Habis", "Berlaku"))) -> Berlaku | V16: =VLOOKUP(B16,'Data aplikasi'!$A$2:$M$85,6,0) -> 46348 | W16: =IF(TODAY()>=V16,"Habis", IF(TODAY()>=V16-7,"Habis dalam 7-1 Hari", IF(TODAY()>=V16-50,"Akan Habis", "Berlaku"))) -> Berlaku | X16: =VLOOKUP(B16,'Data aplikasi'!$A$2:$M$85,8,0) -> 46303 | Y16: =IF(TODAY()>=X16,"Habis", IF(TODAY()>=X16-7,"Habis dalam 7-1 Hari", IF(TODAY()>=X16-50,"Akan Habis", "Berlaku"))) -> Akan Habis | Z16: =VLOOKUP(B16,'Data aplikasi'!$A$2:$M$85,9,0) -> 46303 | AA16: =IF(TODAY()>=Z16,"Habis", IF(TODAY()>=Z16-7,"Habis dalam 7-1 Hari", IF(TODAY()>=Z16-21,"Akan Habis", "Berlaku"))) -> Akan Habis | AB16: =VLOOKUP(B16,'Data aplikasi'!$A$2:$M$85,10,0) -> 46548 | AC16: =IF(TODAY()>=AB16,"Habis", IF(TODAY()>=AB16-7,"Habis dalam 7-1 Hari", IF(TODAY()>=AB16-65,"Akan Habis", "Berlaku"))) -> Berlaku | AD16: =VLOOKUP(B16,'Data aplikasi'!$A$2:$M$85,11,0) -> 46311 | AE16: =IF(TODAY()>=AD16,"Habis", IF(TODAY()>=AD16-7,"Habis dalam 7-1 Hari", IF(TODAY()>=AD16-21,"Akan Habis", "Berlaku"))) -> Akan Habis | AF16: TUGU | AG16: AKTIF | AI16: Menggantikan MT R 1892 DK PT Gelora yang afkir dan tidak diremajakan
A17: 11 | B17: B9355TFV | C17: 8+8+8 | D17: 24 | E17: PT. ADAM TRANS | F17: 2022 | G17: 2022 | H17: =A4-F17 -> 4 | I17: SG8JF2B-XGJ | J17: 7684 | K17: EURO 4 | L17: Standart | M17: Meco | N17: 2022 | O17: =A4-N17 -> 4 | P17: AA | Q17: HINO | R17: J08EWOJ13150 | S17: MJESG8JF2NJX10254 | T17: =VLOOKUP(B17,'Data aplikasi'!$A$2:$M$85,5,0) -> 46680 | U17: =IF(TODAY()>=T17,"Habis", IF(TODAY()>=T17-7,"Habis dalam 7-1 Hari", IF(TODAY()>=T17-21,"Akan Habis", "Berlaku"))) -> Berlaku | V17: =VLOOKUP(B17,'Data aplikasi'!$A$2:$M$85,6,0) -> 46315 | W17: =IF(TODAY()>=V17,"Habis", IF(TODAY()>=V17-7,"Habis dalam 7-1 Hari", IF(TODAY()>=V17-50,"Akan Habis", "Berlaku"))) -> Akan Habis | X17: =VLOOKUP(B17,'Data aplikasi'!$A$2:$M$85,8,0) -> 46303 | Y17: =IF(TODAY()>=X17,"Habis", IF(TODAY()>=X17-7,"Habis dalam 7-1 Hari", IF(TODAY()>=X17-50,"Akan Habis", "Berlaku"))) -> Akan Habis | Z17: =VLOOKUP(B17,'Data aplikasi'!$A$2:$M$85,9,0) -> 46303 | AA17: =IF(TODAY()>=Z17,"Habis", IF(TODAY()>=Z17-7,"Habis dalam 7-1 Hari", IF(TODAY()>=Z17-21,"Akan Habis", "Berlaku"))) -> Akan Habis | AB17: =VLOOKUP(B17,'Data aplikasi'!$A$2:$M$85,10,0) -> 46402 | AC17: =IF(TODAY()>=AB17,"Habis", IF(TODAY()>=AB17-7,"Habis dalam 7-1 Hari", IF(TODAY()>=AB17-65,"Akan Habis", "Berlaku"))) -> Berlaku | AD17: =VLOOKUP(B17,'Data aplikasi'!$A$2:$M$85,11,0) -> 46311 | AE17: =IF(TODAY()>=AD17,"Habis", IF(TODAY()>=AD17-7,"Habis dalam 7-1 Hari", IF(TODAY()>=AD17-21,"Akan Habis", "Berlaku"))) -> Akan Habis | AF17: TUGU | AG17: AKTIF | AI17: Menggantikan MT R 1893 DK PT Gelora yang afkir dan tidak diremajakan | AK17: PTO | AL17: 1. | AM17: 24
A18: 12 | B18: R8435CM | C18: 8+8+8 | D18: 24 | E18: PT. KATRACO PUTRA SELARAS | F18: 2022 | G18: 2022 | H18: =A4-F18 -> 4 | I18: SG8JF2B-XGJ (4X2) | J18: 7960 | K18: EURO 4 | L18: Standart | M18: Meco | N18: 2012 | O18: =A4-N18 -> 14 | P18: AA | Q18: HINO | R18: J08EWDJ15223 | S18: MJESG8JF2NJX10417 | T18: =VLOOKUP(B18,'Data aplikasi'!$A$2:$M$85,5,0) -> 46708 | U18: =IF(TODAY()>=T18,"Habis", IF(TODAY()>=T18-7,"Habis dalam 7-1 Hari", IF(TODAY()>=T18-21,"Akan Habis", "Berlaku"))) -> Berlaku | V18: =VLOOKUP(B18,'Data aplikasi'!$A$2:$M$85,6,0) -> 46343 | W18: =IF(TODAY()>=V18,"Habis", IF(TODAY()>=V18-7,"Habis dalam 7-1 Hari", IF(TODAY()>=V18-50,"Akan Habis", "Berlaku"))) -> Akan Habis | X18: =VLOOKUP(B18,'Data aplikasi'!$A$2:$M$85,8,0) -> 46352 | Y18: =IF(TODAY()>=X18,"Habis", IF(TODAY()>=X18-7,"Habis dalam 7-1 Hari", IF(TODAY()>=X18-50,"Akan Habis", "Berlaku"))) -> Berlaku | Z18: =VLOOKUP(B18,'Data aplikasi'!$A$2:$M$85,9,0) -> 46352 | AA18: =IF(TODAY()>=Z18,"Habis", IF(TODAY()>=Z18-7,"Habis dalam 7-1 Hari", IF(TODAY()>=Z18-21,"Akan Habis", "Berlaku"))) -> Berlaku | AB18: =VLOOKUP(B18,'Data aplikasi'!$A$2:$M$85,10,0) -> 46339 | AC18: =IF(TODAY()>=AB18,"Habis", IF(TODAY()>=AB18-7,"Habis dalam 7-1 Hari", IF(TODAY()>=AB18-65,"Akan Habis", "Berlaku"))) -> Akan Habis | AD18: =VLOOKUP(B18,'Data aplikasi'!$A$2:$M$85,11,0) -> 46340 | AE18: =IF(TODAY()>=AD18,"Habis", IF(TODAY()>=AD18-7,"Habis dalam 7-1 Hari", IF(TODAY()>=AD18-21,"Akan Habis", "Berlaku"))) -> Berlaku | AF18: TUGU | AG18: AKTIF | AL18: 3. | AM18: 8
A19: 13 | B19: B9570SEI | C19: 8+8+8 | D19: 24 | E19: PT. ELNUSA PETROFIN | F19: 2023 | G19: 2023 | H19: =A4-F19 -> 3 | I19: SG8JF2B-XGJ | J19: 7685 | K19: EURO 4 | L19: Standart | M19: Geluran Adikarya | N19: 2023 | O19: =A4-N19 -> 3 | P19: AA | Q19: HINO | R19: J08EWDJ23806 | S19: MJESG8JF2PJX10725 | T19: =VLOOKUP(B19,'Data aplikasi'!$A$2:$M$85,5,0) -> 46913 | U19: =IF(TODAY()>=T19,"Habis", IF(TODAY()>=T19-7,"Habis dalam 7-1 Hari", IF(TODAY()>=T19-21,"Akan Habis", "Berlaku"))) -> Berlaku | V19: =VLOOKUP(B19,'Data aplikasi'!$A$2:$M$85,6,0) -> 46547 | W19: =IF(TODAY()>=V19,"Habis", IF(TODAY()>=V19-7,"Habis dalam 7-1 Hari", IF(TODAY()>=V19-50,"Akan Habis", "Berlaku"))) -> Berlaku | X19: =VLOOKUP(B19,'Data aplikasi'!$A$2:$M$85,8,0) -> 46424 | Y19: =IF(TODAY()>=X19,"Habis", IF(TODAY()>=X19-7,"Habis dalam 7-1 Hari", IF(TODAY()>=X19-50,"Akan Habis", "Berlaku"))) -> Berlaku | Z19: =VLOOKUP(B19,'Data aplikasi'!$A$2:$M$85,9,0) -> 46423 | AA19: =IF(TODAY()>=Z19,"Habis", IF(TODAY()>=Z19-7,"Habis dalam 7-1 Hari", IF(TODAY()>=Z19-21,"Akan Habis", "Berlaku"))) -> Berlaku | AB19: =VLOOKUP(B19,'Data aplikasi'!$A$2:$M$85,10,0) -> 46669 | AC19: =IF(TODAY()>=AB19,"Habis", IF(TODAY()>=AB19-7,"Habis dalam 7-1 Hari", IF(TODAY()>=AB19-65,"Akan Habis", "Berlaku"))) -> Berlaku | AD19: =VLOOKUP(B19,'Data aplikasi'!$A$2:$M$85,11,0) -> 46439 | AE19: =IF(TODAY()>=AD19,"Habis", IF(TODAY()>=AD19-7,"Habis dalam 7-1 Hari", IF(TODAY()>=AD19-21,"Akan Habis", "Berlaku"))) -> Berlaku | AF19: MANDIRI | AG19: AKTIF | AI19: Menggantikan MT R 1837 DD PT Katraco Putra Selaras | AL19: 4. | AM19: 5
A20: 14 | B20: B9697SFV | C20: 4+4 | D20: 8 | E20: PT. ELNUSA PETROFIN | F20: 2022 | G20: 2023 | H20: =A4-F20 -> 4 | I20: FG8JK2A-PGJ | J20: 7684 | K20: EURO 4 | L20: Standart | M20: Geluran Adikarya | N20: 2023 | O20: =A4-N20 -> 3 | P20: CS | Q20: HINO | R20: JO8EWEJ15259 | S20: MJEFG8JK2NJP1018 | T20: =VLOOKUP(B20,'Data aplikasi'!$A$2:$M$85,5,0) -> 46981 | U20: =IF(TODAY()>=T20,"Habis", IF(TODAY()>=T20-7,"Habis dalam 7-1 Hari", IF(TODAY()>=T20-21,"Akan Habis", "Berlaku"))) -> Berlaku | V20: =VLOOKUP(B20,'Data aplikasi'!$A$2:$M$85,6,0) -> 46615 | W20: =IF(TODAY()>=V20,"Habis", IF(TODAY()>=V20-7,"Habis dalam 7-1 Hari", IF(TODAY()>=V20-50,"Akan Habis", "Berlaku"))) -> Berlaku | X20: =VLOOKUP(B20,'Data aplikasi'!$A$2:$M$85,8,0) | Y20: =IF(TODAY()>=X20,"Habis", IF(TODAY()>=X20-7,"Habis dalam 7-1 Hari", IF(TODAY()>=X20-50,"Akan Habis", "Berlaku"))) -> Habis | Z20: =VLOOKUP(B20,'Data aplikasi'!$A$2:$M$85,9,0) -> 46424 | AA20: =IF(TODAY()>=Z20,"Habis", IF(TODAY()>=Z20-7,"Habis dalam 7-1 Hari", IF(TODAY()>=Z20-21,"Akan Habis", "Berlaku"))) -> Berlaku | AB20: =VLOOKUP(B20,'Data aplikasi'!$A$2:$M$85,10,0) -> 46684 | AC20: =IF(TODAY()>=AB20,"Habis", IF(TODAY()>=AB20-7,"Habis dalam 7-1 Hari", IF(TODAY()>=AB20-65,"Akan Habis", "Berlaku"))) -> Berlaku | AD20: =VLOOKUP(B20,'Data aplikasi'!$A$2:$M$85,11,0) -> 46340 | AE20: =IF(TODAY()>=AD20,"Habis", IF(TODAY()>=AD20-7,"Habis dalam 7-1 Hari", IF(TODAY()>=AD20-21,"Akan Habis", "Berlaku"))) -> Berlaku | AF20: MANDIRI | AG20: AKTIF | AI20: Menggantikan MT AA1959EF PT. TANAH PUTIH | AL20: Total | AO20: 0 | AP20: 0 | AQ20: 0 | AR20: 0 | AS20: 0 | AT20: 0 | AU20: 0 | AV20: 0 | AW20: 0 | AX20: 0
A21: 15 | B21: B9061SFV | C21: 8+8 | D21: 16 | E21: PT. ELNUSA PETROFIN | F21: 2018 | G21: 2018 | H21: =A4-F21 -> 8 | I21: CDE250 6X2R WB5100MM | J21: 7698 | K21: EURO 2 | L21: PTO | M21: Geluran Adikarya | N21: 2018 | O21: =A4-N21 -> 8 | P21: CS | Q21: UD TRUCKS | R21: GH8465224A1P | S21: JPCZX22C8JT020521 | T21: =VLOOKUP(B21,'Data aplikasi'!$A$2:$M$85,5,0) -> 46877 | U21: =IF(TODAY()>=T21,"Habis", IF(TODAY()>=T21-7,"Habis dalam 7-1 Hari", IF(TODAY()>=T21-21,"Akan Habis", "Berlaku"))) -> Berlaku | V21: =VLOOKUP(B21,'Data aplikasi'!$A$2:$M$85,6,0) -> 46511 | W21: =IF(TODAY()>=V21,"Habis", IF(TODAY()>=V21-7,"Habis dalam 7-1 Hari", IF(TODAY()>=V21-50,"Akan Habis", "Berlaku"))) -> Berlaku | X21: =VLOOKUP(B21,'Data aplikasi'!$A$2:$M$85,8,0) | Y21: =IF(TODAY()>=X21,"Habis", IF(TODAY()>=X21-7,"Habis dalam 7-1 Hari", IF(TODAY()>=X21-50,"Akan Habis", "Berlaku"))) -> Habis | Z21: =VLOOKUP(B21,'Data aplikasi'!$A$2:$M$85,9,0) -> 46424 | AA21: =IF(TODAY()>=Z21,"Habis", IF(TODAY()>=Z21-7,"Habis dalam 7-1 Hari", IF(TODAY()>=Z21-21,"Akan Habis", "Berlaku"))) -> Berlaku | AB21: =VLOOKUP(B21,'Data aplikasi'!$A$2:$M$85,10,0) -> 46505 | AC21: =IF(TODAY()>=AB21,"Habis", IF(TODAY()>=AB21-7,"Habis dalam 7-1 Hari", IF(TODAY()>=AB21-65,"Akan Habis", "Berlaku"))) -> Berlaku | AD21: =VLOOKUP(B21,'Data aplikasi'!$A$2:$M$85,11,0) -> 46340 | AE21: =IF(TODAY()>=AD21,"Habis", IF(TODAY()>=AD21-7,"Habis dalam 7-1 Hari", IF(TODAY()>=AD21-21,"Akan Habis", "Berlaku"))) -> Berlaku | AF21: MANDIRI | AG21: AKTIF
A22: 16 | B22: E9225YC | C22: 8+8+8 | D22: 24 | E22: PT. PUSPITA CIPTA | F22: 2022 | G22: 2022 | H22: =A4-F22 -> 4 | I22: SG8JF2B-XGJ | J22: 7684 | K22: EURO 4 | L22: Standart | M22: Aweco | N22: 2012 | O22: =A4-N22 -> 14 | P22: AA | Q22: HINO | R22: J08EWDJ13442 | S22: MJESG8JF2NJX10278 | T22: =VLOOKUP(B22,'Data aplikasi'!$A$2:$M$85,5,0) -> 46672 | U22: =IF(TODAY()>=T22,"Habis", IF(TODAY()>=T22-7,"Habis dalam 7-1 Hari", IF(TODAY()>=T22-21,"Akan Habis", "Berlaku"))) -> Berlaku | V22: =VLOOKUP(B22,'Data aplikasi'!$A$2:$M$85,6,0) -> 46307 | W22: =IF(TODAY()>=V22,"Habis", IF(TODAY()>=V22-7,"Habis dalam 7-1 Hari", IF(TODAY()>=V22-50,"Akan Habis", "Berlaku"))) -> Akan Habis | X22: =VLOOKUP(B22,'Data aplikasi'!$A$2:$M$85,8,0) -> 46315 | Y22: =IF(TODAY()>=X22,"Habis", IF(TODAY()>=X22-7,"Habis dalam 7-1 Hari", IF(TODAY()>=X22-50,"Akan Habis", "Berlaku"))) -> Akan Habis | Z22: =VLOOKUP(B22,'Data aplikasi'!$A$2:$M$85,9,0) -> 46315 | AA22: =IF(TODAY()>=Z22,"Habis", IF(TODAY()>=Z22-7,"Habis dalam 7-1 Hari", IF(TODAY()>=Z22-21,"Akan Habis", "Berlaku"))) -> Akan Habis | AB22: =VLOOKUP(B22,'Data aplikasi'!$A$2:$M$85,10,0) -> 46437 | AC22: =IF(TODAY()>=AB22,"Habis", IF(TODAY()>=AB22-7,"Habis dalam 7-1 Hari", IF(TODAY()>=AB22-65,"Akan Habis", "Berlaku"))) -> Berlaku | AD22: =VLOOKUP(B22,'Data aplikasi'!$A$2:$M$85,11,0) -> 46340 | AE22: =IF(TODAY()>=AD22,"Habis", IF(TODAY()>=AD22-7,"Habis dalam 7-1 Hari", IF(TODAY()>=AD22-21,"Akan Habis", "Berlaku"))) -> Berlaku | AF22: TUGU | AG22: AKTIF | AI22: Menggantikan MT E 9632 YA sama-sama PT Puspita Cipta
A23: 17 | B23: E9264YC | C23: 8+8+8 | D23: 24 | E23: PT. PUSPITA CIPTA | F23: 2023 | G23: 2023 | H23: =A4-F23 -> 3 | I23: 4028T | J23: 6374 | K23: EURO 5 | L23: Standart | M23: Aweco | N23: 2012 | O23: =A4-N23 -> 14 | P23: AA | Q23: MERCEDES BENZ | R23: 400953D0138582 | S23: MFJ400262PJ002047 | T23: =VLOOKUP(B23,'Data aplikasi'!$A$2:$M$85,5,0) -> 46875 | U23: =IF(TODAY()>=T23,"Habis", IF(TODAY()>=T23-7,"Habis dalam 7-1 Hari", IF(TODAY()>=T23-21,"Akan Habis", "Berlaku"))) -> Berlaku | V23: =VLOOKUP(B23,'Data aplikasi'!$A$2:$M$85,6,0) -> 46509 | W23: =IF(TODAY()>=V23,"Habis", IF(TODAY()>=V23-7,"Habis dalam 7-1 Hari", IF(TODAY()>=V23-50,"Akan Habis", "Berlaku"))) -> Berlaku | X23: =VLOOKUP(B23,'Data aplikasi'!$A$2:$M$85,8,0) -> 46361 | Y23: =IF(TODAY()>=X23,"Habis", IF(TODAY()>=X23-7,"Habis dalam 7-1 Hari", IF(TODAY()>=X23-50,"Akan Habis", "Berlaku"))) -> Berlaku | Z23: =VLOOKUP(B23,'Data aplikasi'!$A$2:$M$85,9,0) -> 46361 | AA23: =IF(TODAY()>=Z23,"Habis", IF(TODAY()>=Z23-7,"Habis dalam 7-1 Hari", IF(TODAY()>=Z23-21,"Akan Habis", "Berlaku"))) -> Berlaku | AB23: =VLOOKUP(B23,'Data aplikasi'!$A$2:$M$85,10,0) -> 46586 | AC23: =IF(TODAY()>=AB23,"Habis", IF(TODAY()>=AB23-7,"Habis dalam 7-1 Hari", IF(TODAY()>=AB23-65,"Akan Habis", "Berlaku"))) -> Berlaku | AD23: =VLOOKUP(B23,'Data aplikasi'!$A$2:$M$85,11,0) -> 46340 | AE23: =IF(TODAY()>=AD23,"Habis", IF(TODAY()>=AD23-7,"Habis dalam 7-1 Hari", IF(TODAY()>=AD23-21,"Akan Habis", "Berlaku"))) -> Berlaku | AF23: TUGU | AG23: AKTIF | AI23: Menggantikan MT E9629YA sama-sama PT Puspita Cipta
A24: 18 | B24: E9334YC | C24: 8+8+8 | D24: 24 | E24: PT. PUSPITA CIPTA | F24: 2023 | G24: 2023 | H24: =A4-F24 -> 3 | I24: 4028T | J24: 6374 | K24: EURO 5 | L24: Standart | M24: Geluran Adikarya | N24: 2013 | O24: =A4-N24 -> 13 | P24: AA | Q24: MERCEDES BENZ | R24: 400953D0141214 | S24: MFJ400262PJ002664 | T24: =VLOOKUP(B24,'Data aplikasi'!$A$2:$M$85,5,0) -> 47114 | U24: =IF(TODAY()>=T24,"Habis", IF(TODAY()>=T24-7,"Habis dalam 7-1 Hari", IF(TODAY()>=T24-21,"Akan Habis", "Berlaku"))) -> Berlaku | V24: =VLOOKUP(B24,'Data aplikasi'!$A$2:$M$85,6,0) -> 46383 | W24: =IF(TODAY()>=V24,"Habis", IF(TODAY()>=V24-7,"Habis dalam 7-1 Hari", IF(TODAY()>=V24-50,"Akan Habis", "Berlaku"))) -> Berlaku | X24: =VLOOKUP(B24,'Data aplikasi'!$A$2:$M$85,8,0) -> 46331 | Y24: =IF(TODAY()>=X24,"Habis", IF(TODAY()>=X24-7,"Habis dalam 7-1 Hari", IF(TODAY()>=X24-50,"Akan Habis", "Berlaku"))) -> Akan Habis | Z24: =VLOOKUP(B24,'Data aplikasi'!$A$2:$M$85,9,0) -> 46331 | AA24: =IF(TODAY()>=Z24,"Habis", IF(TODAY()>=Z24-7,"Habis dalam 7-1 Hari", IF(TODAY()>=Z24-21,"Akan Habis", "Berlaku"))) -> Berlaku | AB24: =VLOOKUP(B24,'Data aplikasi'!$A$2:$M$85,10,0) -> 46884 | AC24: =IF(TODAY()>=AB24,"Habis", IF(TODAY()>=AB24-7,"Habis dalam 7-1 Hari", IF(TODAY()>=AB24-65,"Akan Habis", "Berlaku"))) -> Berlaku | AD24: =VLOOKUP(B24,'Data aplikasi'!$A$2:$M$85,11,0) -> 46360 | AE24: =IF(TODAY()>=AD24,"Habis", IF(TODAY()>=AD24-7,"Habis dalam 7-1 Hari", IF(TODAY()>=AD24-21,"Akan Habis", "Berlaku"))) -> Berlaku | AF24: TUGU | AG24: AKTIF | AI24: Menggantikan MT E 9795 YA sama-sama PT Puspita Cipta afkir setelah dispensasi ke 4 tgl 27 Januari 2024
A25: 19 | B25: E9335YC | C25: 8+8+8 | D25: 24 | E25: PT. PUSPITA CIPTA | F25: 2023 | G25: 2023 | H25: =A4-F25 -> 3 | I25: 4028T | J25: 6374 | K25: EURO 5 | L25: Standart | M25: Geluran Adikarya | N25: 2013 | O25: =A4-N25 -> 13 | P25: AA | Q25: MERCEDES BENZ | R25: 400953D0141220 | S25: MFJ400262PJ002663 | T25: =VLOOKUP(B25,'Data aplikasi'!$A$2:$M$85,5,0) -> 47114 | U25: =IF(TODAY()>=T25,"Habis", IF(TODAY()>=T25-7,"Habis dalam 7-1 Hari", IF(TODAY()>=T25-21,"Akan Habis", "Berlaku"))) -> Berlaku | V25: =VLOOKUP(B25,'Data aplikasi'!$A$2:$M$85,6,0) -> 46383 | W25: =IF(TODAY()>=V25,"Habis", IF(TODAY()>=V25-7,"Habis dalam 7-1 Hari", IF(TODAY()>=V25-50,"Akan Habis", "Berlaku"))) -> Berlaku | X25: =VLOOKUP(B25,'Data aplikasi'!$A$2:$M$85,8,0) -> 46331 | Y25: =IF(TODAY()>=X25,"Habis", IF(TODAY()>=X25-7,"Habis dalam 7-1 Hari", IF(TODAY()>=X25-50,"Akan Habis", "Berlaku"))) -> Akan Habis | Z25: =VLOOKUP(B25,'Data aplikasi'!$A$2:$M$85,9,0) -> 46331 | AA25: =IF(TODAY()>=Z25,"Habis", IF(TODAY()>=Z25-7,"Habis dalam 7-1 Hari", IF(TODAY()>=Z25-21,"Akan Habis", "Berlaku"))) -> Berlaku | AB25: =VLOOKUP(B25,'Data aplikasi'!$A$2:$M$85,10,0) -> 46912 | AC25: =IF(TODAY()>=AB25,"Habis", IF(TODAY()>=AB25-7,"Habis dalam 7-1 Hari", IF(TODAY()>=AB25-65,"Akan Habis", "Berlaku"))) -> Berlaku | AD25: =VLOOKUP(B25,'Data aplikasi'!$A$2:$M$85,11,0) -> 46360 | AE25: =IF(TODAY()>=AD25,"Habis", IF(TODAY()>=AD25-7,"Habis dalam 7-1 Hari", IF(TODAY()>=AD25-21,"Akan Habis", "Berlaku"))) -> Berlaku | AF25: TUGU | AG25: AKTIF | AI25: Menggantikan MT E 9854 YA sama-sama PT Puspita Cipta afkir setelah dispensasi 3 sd 27 Februari 2024
A26: 20 | B26: E9412YC | C26: 8+8+8 | D26: 24 | E26: PT. PUSPITA CIPTA | F26: 2024 | G26: 2024 | H26: =A4-F26 -> 2 | I26: 4028T | J26: 6374 | K26: EURO 5 | L26: Standart | M26: Geluran Adikarya | N26: 2014 | O26: =A4-N26 -> 12 | P26: AA | Q26: MERCEDES BENZ | R26: 400953D0157253 | S26: MFJ400262RJ003239 | T26: =VLOOKUP(B26,'Data aplikasi'!$A$2:$M$85,5,0) -> 47429 | U26: =IF(TODAY()>=T26,"Habis", IF(TODAY()>=T26-7,"Habis dalam 7-1 Hari", IF(TODAY()>=T26-21,"Akan Habis", "Berlaku"))) -> Berlaku | V26: =VLOOKUP(B26,'Data aplikasi'!$A$2:$M$85,6,0) -> 46333 | W26: =IF(TODAY()>=V26,"Habis", IF(TODAY()>=V26-7,"Habis dalam 7-1 Hari", IF(TODAY()>=V26-50,"Akan Habis", "Berlaku"))) -> Akan Habis | X26: =VLOOKUP(B26,'Data aplikasi'!$A$2:$M$85,8,0) -> 46331 | Y26: =IF(TODAY()>=X26,"Habis", IF(TODAY()>=X26-7,"Habis dalam 7-1 Hari", IF(TODAY()>=X26-50,"Akan Habis", "Berlaku"))) -> Akan Habis | Z26: =VLOOKUP(B26,'Data aplikasi'!$A$2:$M$85,9,0) -> 46331 | AA26: =IF(TODAY()>=Z26,"Habis", IF(TODAY()>=Z26-7,"Habis dalam 7-1 Hari", IF(TODAY()>=Z26-21,"Akan Habis", "Berlaku"))) -> Berlaku | AB26: =VLOOKUP(B26,'Data aplikasi'!$A$2:$M$85,10,0) -> 46351 | AC26: =IF(TODAY()>=AB26,"Habis", IF(TODAY()>=AB26-7,"Habis dalam 7-1 Hari", IF(TODAY()>=AB26-65,"Akan Habis", "Berlaku"))) -> Akan Habis | AD26: =VLOOKUP(B26,'Data aplikasi'!$A$2:$M$85,11,0) -> 46340 | AE26: =IF(TODAY()>=AD26,"Habis", IF(TODAY()>=AD26-7,"Habis dalam 7-1 Hari", IF(TODAY()>=AD26-21,"Akan Habis", "Berlaku"))) -> Berlaku | AF26: TUGU | AG26: AKTIF | AI26: Meremajakan MT E 9212 YB
A27: 21 | B27: E9453YC | C27: 8+8+8 | D27: 24 | E27: PT. PUSPITA CIPTA | F27: 2024 | G27: 2024 | H27: =A4-F27 -> 2 | I27: 4028T | J27: 6374 | K27: EURO 5 | L27: Standart | M27: Geluran Adikarya | N27: 2014 | O27: =A4-N27 -> 12 | P27: AA | Q27: MERCEDES BENZ | R27: 400953D0159864 | S27: MFJ400262RJ003559 | T27: =VLOOKUP(B27,'Data aplikasi'!$A$2:$M$85,5,0) -> 47475 | U27: =IF(TODAY()>=T27,"Habis", IF(TODAY()>=T27-7,"Habis dalam 7-1 Hari", IF(TODAY()>=T27-21,"Akan Habis", "Berlaku"))) -> Berlaku | V27: =VLOOKUP(B27,'Data aplikasi'!$A$2:$M$85,6,0) -> 46379 | W27: =IF(TODAY()>=V27,"Habis", IF(TODAY()>=V27-7,"Habis dalam 7-1 Hari", IF(TODAY()>=V27-50,"Akan Habis", "Berlaku"))) -> Berlaku | X27: =VLOOKUP(B27,'Data aplikasi'!$A$2:$M$85,8,0) -> 46361 | Y27: =IF(TODAY()>=X27,"Habis", IF(TODAY()>=X27-7,"Habis dalam 7-1 Hari", IF(TODAY()>=X27-50,"Akan Habis", "Berlaku"))) -> Berlaku | Z27: =VLOOKUP(B27,'Data aplikasi'!$A$2:$M$85,9,0) -> 46361 | AA27: =IF(TODAY()>=Z27,"Habis", IF(TODAY()>=Z27-7,"Habis dalam 7-1 Hari", IF(TODAY()>=Z27-21,"Akan Habis", "Berlaku"))) -> Berlaku | AB27: =VLOOKUP(B27,'Data aplikasi'!$A$2:$M$85,10,0) -> 46429 | AC27: =IF(TODAY()>=AB27,"Habis", IF(TODAY()>=AB27-7,"Habis dalam 7-1 Hari", IF(TODAY()>=AB27-65,"Akan Habis", "Berlaku"))) -> Berlaku | AD27: =VLOOKUP(B27,'Data aplikasi'!$A$2:$M$85,11,0) -> 46340 | AE27: =IF(TODAY()>=AD27,"Habis", IF(TODAY()>=AD27-7,"Habis dalam 7-1 Hari", IF(TODAY()>=AD27-21,"Akan Habis", "Berlaku"))) -> Berlaku | AF27: TUGU | AG27: AKTIF | AI27: Meremajakan MT E9260YB
